zi,longitudine,latitudine,adancime epicentru,tip placa,replici,magnitudine ultimul,magnitudine
13.0,-15.567087720466317,52.986564897325934,-170.2150850281667,divergenta,4.0,6.0,2.1
16.0,,86.64932878562182,-106.58804559298551,transformare,2.0,8.6,2.6
22.0,135.86391269834897,1.5184506033035727,10.032060641700205,convergenta,6.0,3.3,3.6
1.0,-75.60451211084187,62.68341876313051,112.86920467661491,transformare,6.0,8.2,6.5
4.0,-321.1388962702243,73.23107847316771,39.56885026332484,divergenta,3.0,1.9,4.6
28.0,183.08415109116876,45.88264769594257,86.56761227611383,divergenta,2.0,1.7,5.6
4.0,65.42256257572751,30.056838263712823,-30.752275777703247,transformare,9.0,2.3,4.1
8.0,74.85458730948918,71.17561469046645,2.9210797572888154,transformare,6.0,6.3,3.8
10.0,-181.86662409507636,8.751863306918219,170.87609059773231,transformare,3.0,5.5,8.3
20.0,-41.76497859176701,39.783207395693275,-52.550220441249465,transformare,3.0,2.7,3.6
22.0,115.02876839744377,46.79571371137544,-22.8066617367803,convergenta,2.0,2.6,2.6
19.0,-41.033023938195804,62.456076984109274,19.643727060694495,transformare,1.0,5.5,4.5
5.0,20.26671058292909,8.179715882916852,153.7772449339354,transformare,7.0,8.7,7.8
24.0,66.43366248712638,20.498355138407486,-165.94154014467182,transformare,8.0,2.9,1.8
7.0,,36.927140642111304,64.90655806790858,convergenta,4.0,3.4,4.0
25.0,13.880508842256903,56.09652057181176,32.343690648136665,divergenta,2.0,2.4,4.3
25.0,524.0909511124249,79.82647030956757,,convergenta,9.0,6.0,2.3
13.0,161.9225651035259,55.69435514172388,48.42102628310073,convergenta,9.0,8.5,3.0
27.0,-97.36743404130186,12.011532384144099,182.9185163571254,divergenta,6.0,3.3,9.0
2.0,-36.0891650995001,88.25221195085541,92.04287912879755,divergenta,1.0,5.0,5.1
7.0,-117.04658971449769,78.46071612799436,171.03344954761357,convergenta,2.0,8.3,6.7
8.0,-223.4285351141197,45.24486850307916,-53.55171861668717,divergenta,5.0,6.8,1.9
24.0,358.81714631379725,83.01131836169696,99.4749862457941,divergenta,,5.5,5.1
15.0,-255.94419217483588,48.72427143814222,42.30867990895346,convergenta,2.0,,2.9
25.0,-169.75713321931948,83.09754611002468,-15.502315062087774,convergenta,5.0,7.0,1.7
18.0,207.01285550415102,74.69076317430088,173.54552327293294,transformare,1.0,7.0,7.6
6.0,132.18692077598243,87.14577692648676,21.82247466227718,transformare,4.0,5.1,4.5
26.0,247.49667578267716,82.78045297003425,27.48546401452036,transformare,,3.6,6.1
14.0,132.54839088327114,3.2430435685712533,-42.16323907807717,convergenta,7.0,3.0,2.4
9.0,132.9770026003409,15.729480374484597,-56.98500100052624,transformare,4.0,8.4,2.7
10.0,79.47612162843551,35.02212093910672,34.29756200937707,divergenta,5.0,1.9,5.7
21.0,128.62515360284348,85.69284275658786,-74.31673288640803,convergenta,2.0,4.0,2.0
20.0,303.35123054772464,27.002602752833663,90.92880635008517,divergenta,4.0,6.7,4.3
17.0,298.3944441461164,,124.30821890275942,convergenta,9.0,6.0,5.5
20.0,70.39550915315236,79.76741994779039,5.911511206517275,divergenta,2.0,4.7,3.2
6.0,-107.90804142145657,40.175497393488264,106.23647659965236,convergenta,2.0,2.3,5.5
16.0,-80.57892224926319,81.70880349188934,87.35250438278507,transformare,8.0,2.5,7.1
16.0,203.76511510949064,14.420741968812894,70.56765492055773,divergenta,,6.7,5.1
1.0,-55.57654010128229,59.500576035728955,147.01285767858312,convergenta,9.0,5.1,6.5
19.0,291.8203072079718,,-61.22503680299518,convergenta,4.0,4.0,1.9
4.0,83.43715774108324,6.883809212725685,-108.34512548594006,divergenta,9.0,4.3,2.1
,42.92651427853282,62.68168301872505,-24.98766763770027,transformare,5.0,4.7,4.1
18.0,-302.11995204397977,22.265887998523834,42.93539464265473,convergenta,9.0,6.6,3.8
20.0,-137.10778949773913,3.5653970321565955,71.91831451911193,transformare,3.0,6.0,6.1
20.0,103.47342511236418,5.394986842461593,25.3040385759502,convergenta,1.0,2.0,2.7
20.0,-198.6545647865618,5.4970683360108605,-36.92631217328298,transformare,6.0,2.7,4.2
15.0,53.29195627177159,81.69596617365355,209.48761632792858,transformare,,2.0,8.9
8.0,-138.9575121938352,66.58955260461909,16.913931467937473,convergenta,7.0,1.8,4.0
1.0,94.49316162691105,80.82561214923615,45.57018114632636,divergenta,2.0,7.3,4.0
2.0,167.63742759791705,60.53240801668692,126.54378084191444,transformare,7.0,7.9,8.2
10.0,-328.7017405197703,47.60459361277948,-46.68491009545022,convergenta,7.0,4.6,1.8
26.0,-232.37744062320516,27.400172791264044,161.04769101318567,convergenta,2.0,8.8,5.8
1.0,261.4739464768774,89.8166026195806,30.827522249780685,transformare,5.0,8.0,4.3
11.0,-311.5052677190718,32.59701530454504,-11.341692074542834,transformare,5.0,8.0,2.8
21.0,-23.73742651449569,42.35840542925186,-57.42874279753896,transformare,9.0,4.3,3.9
24.0,-30.01576973073778,34.04206574311156,144.3383762408856,transformare,6.0,8.7,7.3
4.0,16.641847488510898,88.15742364019127,84.34189543060543,divergenta,4.0,7.1,4.6
12.0,-390.822636257469,15.71925468555052,92.68405209377433,divergenta,4.0,4.2,5.9
19.0,249.92531992570503,29.51892008172717,-7.885576186052809,divergenta,3.0,8.2,2.7
24.0,139.37851847089178,61.23137994135014,-54.69487099939596,transformare,5.0,1.5,3.4
29.0,169.07377722676046,5.688685650476758,-3.7451064764031514,convergenta,9.0,5.8,1.9
3.0,79.7266612149852,54.65244366103869,118.27803206049448,convergenta,4.0,5.4,5.5
1.0,-128.1409762507867,42.98818525887745,-70.0927009657187,convergenta,2.0,,2.0
1.0,,25.559997908589096,-78.8661049957137,,7.0,8.0,2.0
5.0,,21.45719528316522,63.691520888267284,convergenta,1.0,3.6,4.9
22.0,-106.27736117189147,46.30614689688811,-24.383547043899,transformare,4.0,4.3,4.3
6.0,53.88967279320582,33.11348224833372,215.12386619650857,transformare,5.0,5.1,9.2
7.0,-124.04169372487034,41.086790213638984,-77.84907980626706,convergenta,6.0,7.6,1.8
9.0,-96.1323249678348,30.37296435878159,92.1015278666394,transformare,7.0,6.0,6.8
21.0,92.20035653783069,87.34443242363798,25.99425554486307,convergenta,7.0,5.7,3.0
18.0,109.0407045215253,,70.35483530234278,convergenta,7.0,4.2,4.1
16.0,-463.087648822831,8.712355786053678,-50.70994830051991,transformare,4.0,,3.8
5.0,250.99018141079728,30.905255591182446,126.86581459207174,transformare,4.0,5.1,6.8
10.0,-40.34275443368885,53.19242107834421,200.92428500720578,convergenta,6.0,,7.5
11.0,-68.08886315807202,59.32588246650254,-7.261128537870697,transformare,2.0,4.0,4.2
,-78.08836344728748,35.753107245123786,230.11616611359838,convergenta,,4.8,7.1
25.0,364.9257779854505,89.9350194529954,109.6404989446927,transformare,8.0,7.8,6.6
2.0,60.18363527087777,31.670369657373833,32.58363706698072,transformare,4.0,8.5,4.3
2.0,102.85136704937108,64.92660011639572,21.222812924360056,convergenta,1.0,7.7,2.4
8.0,-6.640255910316166,57.38244250777136,39.45258312067764,transformare,3.0,5.4,6.0
10.0,140.776332043909,73.17484769227146,182.2685978693839,transformare,6.0,6.8,8.2
26.0,-138.9399657908089,87.8603097108438,4.826348950451894,convergenta,5.0,4.0,2.7
4.0,31.876757070787853,,82.74266775923103,transformare,9.0,4.9,6.3
7.0,190.12319658373602,68.81057769219377,60.51829838294707,divergenta,1.0,8.6,3.2
24.0,408.4847204493798,62.84236300364615,,divergenta,2.0,4.2,2.7
12.0,-185.91819828470676,30.194835270830968,-175.31061214625026,divergenta,8.0,2.8,1.8
15.0,288.7744864280424,13.291702038603662,-47.922467446950805,transformare,1.0,5.0,2.1
19.0,-372.4674039089459,5.6372402753828785,31.740984097491435,transformare,2.0,6.4,4.4
28.0,-321.11898351041447,21.771153378133633,132.84059835753135,divergenta,8.0,2.4,7.7
1.0,-267.9996706073547,38.90533330631688,-36.23666648973996,divergenta,8.0,2.4,2.9
15.0,-103.58009378415991,46.97966462669842,-62.40942774200229,transformare,7.0,3.8,2.7
4.0,49.69683354030157,,89.95626168430289,convergenta,6.0,8.3,4.0
22.0,46.6492099902006,86.28668307509336,92.52610899971984,convergenta,1.0,6.6,3.8
13.0,-44.29275787052268,,-110.09147466400486,transformare,,3.2,1.7
26.0,-135.91295254529174,9.63037261744124,-37.691346759444286,transformare,3.0,6.0,2.8
11.0,,53.072525071219566,3.9254187548480672,divergenta,3.0,6.5,2.1
21.0,119.95528864377162,67.08582665525637,23.92875668871951,convergenta,3.0,5.4,3.2
,-34.55710003620864,76.33353423122864,-245.10893072950807,convergenta,5.0,7.2,2.1
5.0,76.20616949202903,84.22488721951098,130.3096839516764,transformare,6.0,1.7,8.0
7.0,211.98278332986257,88.50836180345779,4.619373555722369,convergenta,7.0,2.9,3.5
5.0,332.7607487368203,35.98215230020733,151.40089041124742,divergenta,6.0,8.7,7.0
,-132.50923610890098,34.23016651748158,99.56873827559915,convergenta,3.0,5.2,3.9
21.0,50.494732732341895,13.302780902754513,169.61727710316976,divergenta,6.0,2.1,8.3
,47.02878260006845,61.64409948152035,123.87622674286709,,6.0,,5.8
13.0,-190.68686394809347,59.10857625967534,-95.13824511083172,convergenta,7.0,1.5,2.3
5.0,-98.57283469674398,77.58563362660865,46.51898633495576,transformare,7.0,5.8,6.2
21.0,109.9156592126755,8.753219530887657,78.82107876401635,convergenta,2.0,9.0,3.2
9.0,124.50841578364913,44.79992170428076,181.7393017600106,convergenta,9.0,5.9,6.4
15.0,66.47352834819254,52.297373670485676,80.92446302503028,transformare,2.0,6.1,6.3
16.0,2.3170226482390834,21.740133603592657,13.436121002868063,divergenta,6.0,4.0,3.9
21.0,-118.07965828082962,15.212286551624516,38.42033137378432,convergenta,4.0,3.3,3.6
4.0,59.3434875353087,,84.51902338795298,transformare,3.0,5.3,5.7
27.0,-348.498970094391,5.268143001200291,2.716503902049574,convergenta,1.0,8.2,1.7
24.0,287.67663657698347,42.35588135262656,26.65499005797687,divergenta,1.0,1.6,4.3
16.0,88.83551094340963,10.425060117079676,79.89884738721062,transformare,4.0,5.8,6.1
14.0,50.65599143695812,41.135288519823064,60.71570666901795,transformare,1.0,4.7,5.8
22.0,100.3335968039372,88.19660937080783,45.41581656191746,convergenta,2.0,6.2,3.3
22.0,77.43198064178266,38.13357181099255,-62.441699919040275,convergenta,6.0,7.8,2.1
17.0,-470.62743419955433,77.14124257541106,,transformare,,4.9,7.9
18.0,86.419041476458,10.55840077648745,87.9730533803005,transformare,2.0,3.1,6.9
6.0,-134.78154937604427,24.41268690856777,132.0989835096805,divergenta,5.0,4.3,7.5
10.0,-188.53196492474285,36.341346660060104,14.51162911249041,transformare,7.0,2.6,5.2
4.0,-20.709424345793852,35.98309260083977,19.134321371534373,divergenta,,2.1,4.4
1.0,44.819057514348515,60.42451308031378,4.892586120802285,divergenta,2.0,4.3,2.5
6.0,-39.56110846088491,31.02463146379569,51.9823886507356,convergenta,1.0,6.2,3.1
1.0,39.55174777183495,64.23901815690147,143.5547077811081,divergenta,2.0,3.5,6.6
18.0,-117.9150974451327,57.526820930285325,5.4302247510116,convergenta,1.0,,2.2
19.0,-142.54515188391022,,60.437879953626855,transformare,,6.7,5.2
5.0,-39.583774142737106,38.858411488888734,8.95212387419032,convergenta,8.0,6.6,2.2
3.0,51.86464255577214,55.30749298292886,146.35349179125308,transformare,3.0,6.7,7.9
17.0,101.89690885376119,6.3037971130180175,-2.8986582480921896,transformare,3.0,1.5,4.5
4.0,98.41610581984278,74.01660645201213,167.82470516101705,convergenta,4.0,7.6,5.5
3.0,127.14849926540704,58.80790450022732,5.392383325747971,divergenta,2.0,8.4,3.0
11.0,-147.994265707196,,24.496531999203626,transformare,7.0,1.6,5.5
14.0,-112.78811237121961,48.32307009741514,26.70241857750601,divergenta,5.0,6.0,3.8
17.0,-160.46908023657576,9.942939989257026,-129.13588062468125,convergenta,4.0,6.6,2.4
8.0,-65.8040163751082,36.45320519672549,30.309787510539245,divergenta,4.0,3.0,4.4
22.0,-67.00128471624055,36.48362245637004,181.65862403833552,divergenta,5.0,7.8,7.1
10.0,-178.54840999984418,28.89386910388952,54.123900403298556,convergenta,3.0,6.2,3.3
1.0,-8.438319942748775,2.695529241427442,96.69739991647296,divergenta,6.0,3.2,6.1
11.0,-133.7794181191089,66.35288183368296,43.38549966634304,convergenta,7.0,8.8,3.1
19.0,-324.94836219780063,9.880601225625064,12.8719478733518,convergenta,2.0,3.1,2.3
,-12.616922438019103,54.567731974057665,-56.600218236705686,transformare,5.0,6.6,1.9
,-53.71997528213841,63.28957468204942,125.78491902085328,convergenta,1.0,5.1,5.0
24.0,-2.5999744105389,57.13076906403253,53.57597231408267,transformare,7.0,6.9,5.4
28.0,-164.33487477887806,,242.11159753097007,transformare,1.0,2.2,9.1
3.0,76.81317083966283,9.296833957662475,-31.603735345612222,divergenta,6.0,8.6,2.2
26.0,78.57802030863061,78.04504431946792,61.800342711397604,transformare,9.0,3.0,6.7
3.0,32.38779609254631,2.627121136402193,-132.93046667088805,convergenta,9.0,3.2,1.2
4.0,-134.23539393997737,48.142516943437556,28.68379552378744,,3.0,5.7,4.6
,-89.49593837718007,36.38192561453329,13.63018418583738,transformare,9.0,4.1,4.5
4.0,114.27856667429944,47.17654743543824,114.20587968966875,divergenta,5.0,4.8,6.8
19.0,73.8358514267609,32.85898893540088,57.15446133109135,convergenta,3.0,1.8,4.6
15.0,49.491636480689905,,118.49869375768505,convergenta,6.0,3.3,5.3
4.0,-18.33099188634624,1.7210607703820802,150.0109280418581,transformare,9.0,7.3,8.1
21.0,14.289722628825707,46.63348324120569,-6.26163906983588,convergenta,9.0,8.3,2.1
18.0,132.54019830617312,75.84991764163581,-23.34394316151149,divergenta,5.0,3.3,3.5
19.0,-261.8367678901522,33.589436017031474,218.276872371183,divergenta,7.0,7.3,8.6
28.0,272.63553471460074,20.05774362134822,176.53192608414815,divergenta,2.0,1.7,8.4
15.0,-155.11383577071905,7.247880312465967,108.87214611503828,transformare,5.0,1.8,7.3
10.0,-177.27467063154762,7.677983080683303,81.53585162289107,transformare,5.0,4.4,5.9
27.0,-75.3703826591585,19.9256801663495,85.03865033506146,transformare,7.0,2.6,7.1
2.0,128.04584297328535,9.001265482939967,85.86543839833959,transformare,4.0,2.7,6.6
5.0,-62.406388256159886,23.853572852803385,13.530229516920436,convergenta,3.0,6.2,2.2
11.0,-123.76173458439804,5.953451590525924,-37.75128995385519,divergenta,6.0,7.9,1.3
23.0,157.51665093712842,5.904438048893308,77.99576693418271,transformare,7.0,7.3,6.1
12.0,-111.15091010961818,77.06485616605038,-110.42528185583092,transformare,3.0,4.0,2.1
9.0,44.36530968506859,14.59082346379499,136.336484265434,transformare,4.0,8.1,7.1
12.0,41.44613696405932,50.371416524110316,-129.91974345679967,convergenta,8.0,7.8,2.0
3.0,212.49561023413065,69.61099900041275,-18.6527298877144,transformare,9.0,5.4,3.3
20.0,417.51160077438556,41.076860880515994,50.13729302010191,convergenta,2.0,5.1,3.7
17.0,-79.46758814819069,13.803199007341115,-27.77521150751278,convergenta,7.0,1.9,2.9
1.0,-413.08951238935117,17.96365279081029,60.199219483403766,divergenta,9.0,2.6,6.6
23.0,387.8022857120431,38.96857856530627,92.29925622727133,divergenta,6.0,2.1,6.9
1.0,-122.2514579969103,47.54106802606822,61.432176917617575,,5.0,5.5,4.1
7.0,98.56515115629315,31.44962628436814,44.98833310780873,transformare,3.0,6.6,5.1
20.0,-46.097354071345556,70.33316402111952,205.25131266007074,divergenta,2.0,6.1,7.6
15.0,-222.3985919235528,67.59194839707585,-37.060851152089384,convergenta,5.0,8.0,1.7
11.0,-93.20701944525648,83.44906266358062,95.73924629196696,transformare,9.0,6.4,7.5
20.0,-39.231073817462224,2.6057294124264487,63.54398694978485,transformare,8.0,7.7,5.0
25.0,80.6346492077932,80.61221620891831,48.407254210012134,convergenta,3.0,2.6,3.0
29.0,102.26793182545663,35.33119096159359,141.7926617124069,divergenta,6.0,2.8,7.7
9.0,69.92965326211609,79.05352458419947,4.998594783967228,divergenta,3.0,8.4,3.1
14.0,6.407798919504932,62.17062985408766,69.95418764249493,transformare,2.0,4.2,6.3
25.0,-139.34477053156658,88.86138813665714,-1.3380498337855826,convergenta,5.0,3.1,2.6
3.0,-247.75339865266545,68.33542065450013,8.97398988078222,transformare,3.0,8.3,4.3
4.0,119.98414107177811,32.809016339710794,-77.18530384120182,transformare,2.0,8.8,1.6
3.0,-116.53150968268577,45.09568555512769,92.53830270632434,convergenta,4.0,6.3,5.4
12.0,31.361463119486412,,34.55037600967492,divergenta,8.0,4.4,4.2
14.0,-32.81353825902213,32.84206524191143,15.619518166488028,convergenta,1.0,6.7,1.9
17.0,-84.59228154521122,23.481404944295377,128.3743254738385,divergenta,6.0,1.6,8.1
9.0,30.995334252510677,,228.3745220133357,divergenta,7.0,2.6,9.6
9.0,86.18339172639446,61.356595056242504,146.10537607452028,transformare,4.0,4.3,7.6
20.0,209.78678057784558,,1.216577631723645,transformare,,7.7,3.3
9.0,42.439731316148695,47.1941829969498,,convergenta,6.0,3.8,1.8
27.0,,10.564226475350146,-38.750907058252196,transformare,5.0,1.9,4.2
3.0,218.24509111081036,14.386075816877216,-48.01943843364566,divergenta,6.0,4.3,2.7
25.0,39.63587616792982,4.212571924096987,319.7353284442026,transformare,9.0,3.3,8.9
21.0,66.23173153587607,87.36582984935696,-68.74187255260308,transformare,2.0,1.9,2.7
4.0,-313.1011217823829,0.34743163592349857,31.362465362851502,transformare,,4.5,4.0
13.0,5.326750725664894,16.072197125189067,-120.81366218173429,transformare,8.0,4.1,1.9
15.0,-369.6616589122243,55.15800778052931,53.293341531444895,transformare,5.0,7.0,5.7
1.0,10.090540221882762,7.323263896797477,198.0279043397939,transformare,4.0,2.0,9.4
5.0,-80.32420811328952,79.3706852787149,-18.33221488741566,transformare,3.0,4.3,3.5
4.0,68.82786745121493,64.76581420580594,211.80390333051736,transformare,1.0,4.1,9.1
14.0,125.8282083920193,86.97509742941041,-114.12220744370882,convergenta,4.0,6.4,1.7
12.0,83.05273536840915,45.68719925166884,-2.998835570267154,transformare,3.0,8.2,3.8
29.0,22.398491915496006,27.036331484263847,202.29957030985642,convergenta,4.0,2.6,7.8
23.0,-50.22068547431139,,-42.79853664735343,transformare,2.0,7.6,2.6
14.0,,83.77368455681759,14.445433868098192,divergenta,3.0,6.1,4.2
26.0,4.676246303309336,46.86852935176745,121.79480425264154,convergenta,7.0,1.7,6.4
14.0,-21.41739977315576,24.048632867608678,100.10891438253748,divergenta,7.0,7.3,5.7
12.0,-169.21149595120556,78.96589102567077,155.21006816536396,convergenta,6.0,5.5,6.1
25.0,-77.51486148220837,33.47268736612152,-18.065742659268594,divergenta,2.0,7.5,2.4
17.0,126.13182906062015,0.12450149990992254,181.21721286335242,transformare,8.0,4.6,9.2
25.0,146.87690703466743,22.291652024308434,100.90712212230213,convergenta,6.0,,5.5
22.0,-165.9773882449338,28.641015825935614,200.93222890330048,convergenta,3.0,3.0,7.4
15.0,23.171236890541568,77.2899721408712,-4.052197004395822,transformare,7.0,2.9,4.4
26.0,-355.59269870032176,41.26528503598005,-30.794654899119493,convergenta,8.0,4.1,2.8
17.0,-31.49162455799198,40.01285590301707,32.025245515303446,divergenta,5.0,5.4,4.0
29.0,-345.165004148451,30.249203975989865,,convergenta,2.0,6.9,1.8
26.0,21.598627128767216,79.26103107423717,259.5537369365238,divergenta,4.0,6.5,9.0
23.0,8.030895565236472,85.05240992463523,96.59250677117853,convergenta,5.0,7.7,4.1
,8.438962218056949,89.27012962391665,20.636179639667944,convergenta,3.0,4.7,2.9
20.0,159.37118397306799,33.90671402648881,6.579113680694505,convergenta,7.0,8.3,1.6
2.0,-295.3317810759228,86.95327010644542,38.96311240627748,,1.0,2.3,3.3
9.0,153.1744956417254,71.26916126678113,-71.71484661154568,divergenta,3.0,,1.7
1.0,-26.14202215398551,,-140.03568414942941,transformare,6.0,6.6,2.3
5.0,105.62901738183844,22.040053147808948,82.06315650271412,convergenta,6.0,3.4,4.6
28.0,-167.0157674839067,19.481153484978883,88.75634260860141,transformare,6.0,2.7,7.2
28.0,114.60177254166133,14.94430420691211,97.20109189238846,divergenta,6.0,8.1,5.4
26.0,-176.30903851650825,83.04809492028288,8.228071018676275,transformare,5.0,2.0,5.4
7.0,-9.294974562559117,26.466899614484948,-26.551406486176504,convergenta,1.0,8.9,1.9
22.0,274.54699724974324,40.77848209039906,-72.0790258613707,transformare,8.0,8.0,3.2
14.0,-234.46325459218463,44.45620505885012,102.86091561263714,convergenta,5.0,8.0,4.5
8.0,89.50877493005055,70.03544359052287,72.58328315733809,divergenta,4.0,6.2,4.2
25.0,-180.38186834403174,75.98114653977217,172.20219495107915,transformare,3.0,3.2,8.8
25.0,-10.87409995750276,12.516543103375152,47.51999031036239,transformare,8.0,7.5,5.8
16.0,-211.18107154952847,38.42139241899663,111.48501022042808,convergenta,3.0,1.9,6.2
10.0,-175.2265472034638,75.85693990519114,159.67596917662308,divergenta,2.0,5.9,7.3
19.0,134.69473237832088,73.62299751802546,137.98244233299738,convergenta,1.0,4.8,5.2
9.0,-17.34065371544132,9.217238260717476,,convergenta,7.0,7.1,1.9
23.0,-67.67705215649104,14.074501398116672,-34.42875902421967,transformare,5.0,1.7,4.2
16.0,-218.74537582442264,27.377882243946704,211.8855096662676,transformare,1.0,4.4,8.8
12.0,98.94965517850436,,-14.604730239388644,divergenta,9.0,5.1,3.5
7.0,25.61442943623528,38.21967025565336,126.34930642518773,convergenta,2.0,2.6,5.6
16.0,-6.9315846275097535,9.685593463462371,313.00768021995725,convergenta,3.0,4.6,9.0
26.0,-150.7877358821666,,-35.05031240966652,convergenta,2.0,8.3,2.4
2.0,-259.24954188169306,22.19012458300405,,convergenta,8.0,5.0,4.8
23.0,,53.678975881466044,58.84283313132615,convergenta,1.0,3.4,3.9
13.0,-110.80198752846798,10.57730786132739,-0.4371702743066166,transformare,2.0,5.5,3.8
25.0,-368.75468322776845,87.829548157668,-24.958270377256454,divergenta,9.0,2.0,3.7
25.0,196.76838493496473,83.93050834716064,-48.900025286830214,transformare,5.0,3.7,3.3
4.0,10.062084110533176,35.26172447081992,129.68170691814382,transformare,2.0,7.4,6.9
19.0,-291.2200362590834,21.79607347134769,14.269238931904141,divergenta,6.0,6.3,3.9
16.0,208.74149006388583,22.53583915682155,136.44745659039182,transformare,5.0,1.7,7.9
,-66.19645348848101,43.505418168215286,169.6009089109208,convergenta,9.0,5.8,7.1
11.0,-233.04214272710047,3.599352171064527,85.14872340554481,convergenta,9.0,3.1,5.6
13.0,-108.95852268894046,57.57345954676143,89.92675415246597,convergenta,3.0,8.8,3.7
7.0,5.459036450630615,36.74726175057703,28.36921504195673,divergenta,4.0,7.4,3.3
4.0,54.23920187562418,33.96659153299986,223.11949586112624,convergenta,3.0,2.5,7.7
23.0,-191.73931173098632,72.84284743402786,236.44739688638106,divergenta,2.0,4.4,8.9
6.0,103.9411817250067,63.8131914164961,-10.227305867094657,convergenta,7.0,5.2,2.6
24.0,-84.73591526936907,85.89004338534228,-58.33910676823524,transformare,9.0,2.9,3.5
12.0,-126.68033241377006,31.674261644612166,-11.979428877746713,convergenta,9.0,6.8,1.8
,-55.47801385590726,80.77884881844649,44.27810700747973,transformare,6.0,7.8,5.6
12.0,,,26.11036838175596,convergenta,9.0,,4.2
9.0,108.3810426868848,32.16821864352417,25.098744462671377,transformare,2.0,2.5,4.7
21.0,184.64261840615836,55.9498892807932,188.85166723121293,divergenta,8.0,3.6,8.4
11.0,96.74524127561354,25.9712961886526,-17.789816912593096,convergenta,5.0,8.9,1.9
23.0,87.37405943411581,78.69599253673582,16.189459158623443,divergenta,7.0,4.5,4.4
12.0,20.47003745786589,10.118458549108013,83.22415601817181,convergenta,5.0,2.8,4.9
6.0,-113.29160040328085,19.11909251646369,129.06557115176037,transformare,3.0,2.4,8.3
29.0,61.109800449449374,16.472996287192903,166.6721309143701,transformare,1.0,8.3,7.7
16.0,309.9991867587054,36.27234021638598,2.2779263037722686,convergenta,8.0,7.6,2.2
9.0,82.9889042753075,67.07096640289163,92.34017188950938,divergenta,2.0,6.1,5.0
3.0,147.0868099847235,47.42167041469623,73.17288010032112,transformare,1.0,5.5,6.2
28.0,98.85200276582383,43.89086911843868,,divergenta,2.0,7.3,4.1
20.0,15.099982769080201,0.04913684072960889,32.696768927691586,transformare,2.0,3.9,4.5
26.0,301.81733991133916,38.286155281954926,91.84191646184233,convergenta,3.0,6.3,4.0
24.0,392.13626410086465,5.719839735254259,63.230574541726156,transformare,2.0,7.0,5.1
22.0,-333.1034927699044,18.742792690933545,,divergenta,2.0,5.8,4.7
20.0,80.85012579466866,83.91545450644449,175.32140549860873,transformare,6.0,2.8,8.4
15.0,39.12251054101919,19.385838390891436,249.8485897273525,divergenta,6.0,8.9,8.6
21.0,158.1087933916743,77.25038747708362,-122.75336193660883,transformare,6.0,7.6,1.7
22.0,47.711859520967316,72.26040344052008,115.93169242118333,transformare,8.0,5.2,7.7
4.0,-71.93922364199366,14.323161324801855,-87.04892671918313,transformare,9.0,6.1,2.3
4.0,33.54061032981692,54.514076154325096,113.53099341967402,divergenta,7.0,7.2,6.5
,-332.0767310230401,10.409568471451198,16.871293759228656,convergenta,8.0,4.9,3.3
10.0,1.2880798311229187,65.50993425325603,-72.68444473695854,convergenta,9.0,7.0,2.1
10.0,-162.78639309305845,57.3716049634986,137.3406750597685,divergenta,8.0,7.3,6.8
10.0,-242.72925802546263,73.07447055219174,198.01402752177628,divergenta,6.0,4.9,7.9
24.0,134.14159617171833,43.14460944502692,59.59854480301386,transformare,7.0,2.9,6.1
4.0,-316.1435945556197,82.33767790500445,80.46781399978875,convergenta,9.0,6.0,5.0
15.0,-204.6187740983281,,34.151429247563286,transformare,1.0,5.7,4.7
27.0,162.45714314030732,26.35997085243132,33.22029140066283,convergenta,9.0,5.3,3.9
19.0,-231.42409890689623,64.35473377186503,163.727866689135,transformare,6.0,1.9,9.4
13.0,55.854472205917624,,82.92992122735004,transformare,4.0,7.3,5.4
4.0,-160.45462225970093,,27.596049877601033,divergenta,9.0,5.5,4.0
10.0,14.62231702996609,9.648967088569142,138.28065577081395,convergenta,2.0,4.7,5.0
11.0,-102.77886416575762,73.56052003154593,183.707553906822,convergenta,3.0,7.6,5.9
28.0,-11.546766306984493,42.58286806190798,75.33312996425819,divergenta,5.0,3.0,5.9
14.0,-50.17305683757757,79.40553047271966,134.30512754496846,divergenta,4.0,3.5,7.1
8.0,-162.1419242966482,65.99602208850534,-115.60660135491656,transformare,5.0,6.3,2.2
8.0,378.28106574893206,36.87535850676692,40.63494418044001,transformare,7.0,4.4,6.4
22.0,-111.62996947266606,33.61599127401153,-80.10570246799483,convergenta,6.0,3.8,2.2
2.0,28.134690351208537,46.407451198612655,35.23070898639764,transformare,5.0,3.4,5.7
13.0,-107.77527620073353,80.01539578707558,-78.50750741154789,divergenta,6.0,5.1,2.1
3.0,127.06516885297364,,-78.67350756070988,convergenta,1.0,,2.1
3.0,267.43575677395285,0.4637667842120907,-148.944138127197,transformare,6.0,7.5,1.9
,3.0277952478516403,62.4742066232213,-5.748379734687539,convergenta,3.0,7.4,2.2
2.0,-46.29712281308116,82.75566662152386,10.74359998318711,convergenta,2.0,8.1,1.3
6.0,29.736998418361026,63.94101835540424,-42.76477548853009,divergenta,2.0,1.9,2.9
9.0,91.24778823652936,15.930520341074633,-29.910754265475802,convergenta,2.0,8.9,2.2
5.0,-9.47936030458026,43.51663146847128,140.99533060024635,transformare,8.0,4.7,9.2
1.0,331.1469761202999,12.628441613107746,148.2594918374221,divergenta,3.0,2.9,7.2
12.0,-182.00447890905875,32.309575050566885,-33.27677925497325,divergenta,1.0,8.8,2.1
,39.8898793414743,84.34053377464659,67.21569239389211,transformare,6.0,7.7,5.6
6.0,60.48428695390042,83.09747768028375,-29.097583397801458,transformare,6.0,8.5,2.8
22.0,87.39405960579535,25.45531669584746,62.45630644360818,transformare,3.0,5.4,6.0
17.0,-79.88550810017016,30.566793974957925,102.80557160880517,divergenta,5.0,7.1,5.5
9.0,-58.177943813814885,54.019158131816454,-94.75445830473919,convergenta,7.0,5.4,2.2
2.0,35.15953495763178,86.6877565734342,67.60742125974596,convergenta,7.0,5.5,3.6
18.0,-222.67331938647592,13.302120065885138,84.32894812833868,convergenta,4.0,8.6,3.8
17.0,-201.12130067956653,,158.55169854417557,convergenta,6.0,7.0,5.9
4.0,-49.76285182775287,78.62011445616943,237.2589515441908,convergenta,9.0,5.8,8.0
25.0,61.96431222794587,44.270300853751,151.06625334895506,divergenta,3.0,4.4,6.9
28.0,-27.376947386670093,,78.14452357078936,divergenta,4.0,2.7,5.3
9.0,-13.231573278695024,16.696610777085866,176.76682743103768,convergenta,4.0,2.4,6.7
21.0,-143.25954886697446,47.940172872422465,1.9688779300728143,transformare,3.0,3.7,4.0
5.0,-177.88485762790097,29.364266938443514,-82.21014261074575,transformare,1.0,6.7,2.1
17.0,24.770847805221855,28.488830390322843,153.00399541290386,transformare,4.0,2.9,8.6
26.0,172.6688999492376,40.21892675515792,,divergenta,4.0,2.5,6.2
4.0,,38.97697041911416,220.5516927218072,convergenta,5.0,2.1,8.9
8.0,-173.89225716244744,32.1612191710159,1.3420751624939413,divergenta,6.0,7.8,3.4
29.0,190.25782052728877,82.34736932840568,-116.94317713331691,divergenta,1.0,3.3,1.9
4.0,183.33884234202714,65.85697668896034,-33.66121474197922,divergenta,1.0,3.0,3.1
19.0,165.3974480825486,65.47922921983768,86.15285712475972,convergenta,5.0,4.4,5.7
,-212.83849556624148,26.092210463275986,-142.52198350013157,transformare,6.0,6.2,2.5
2.0,-269.9133693886416,51.993848188515635,-106.37237376734967,convergenta,5.0,5.9,1.9
19.0,230.1965185191215,,190.10467894094964,,3.0,8.4,6.4
18.0,,71.60313316888917,322.36877544036486,divergenta,8.0,6.6,9.0
21.0,-170.50137828498643,31.007741467888103,180.11347020831906,transformare,8.0,5.7,9.0
3.0,319.5136930252964,69.3785480911783,,convergenta,6.0,6.8,1.9
6.0,121.73973422301555,66.23045071269597,140.2036244746369,convergenta,1.0,6.5,5.5
6.0,160.31121732005118,12.735583705971024,31.86790813547089,divergenta,4.0,7.3,3.5
13.0,396.5032978003429,77.93509217098295,-29.887865964384318,divergenta,2.0,5.8,2.8
13.0,-54.824821040046004,39.71893231623697,-4.226474082186016,convergenta,1.0,7.6,2.0
22.0,247.62084925794449,43.77694039997989,191.50946861156234,convergenta,6.0,8.3,7.6
3.0,1.4094320920658985,40.35322610081976,-27.33646125257731,transformare,3.0,6.7,2.8
16.0,412.18858067910304,51.106140132975675,-35.5712657655539,divergenta,5.0,4.2,3.3
28.0,-425.71740109705706,55.905232263034925,-25.72829705476984,convergenta,1.0,3.6,1.3
22.0,109.43269306067215,44.83616091866491,182.44560783630922,convergenta,4.0,6.3,7.2
8.0,-259.9049886469328,78.0109688933186,2.835125544086374,transformare,1.0,6.2,3.6
8.0,121.83157164032436,56.496128057575596,170.68778368015845,convergenta,6.0,1.7,7.4
12.0,-310.70354024052085,36.128515437496795,267.8314859305176,convergenta,9.0,7.1,9.5
23.0,-59.21654859645188,37.50225812178399,103.16491173179531,transformare,2.0,3.2,6.8
18.0,-57.44125270759928,72.97547536160563,120.61324963419963,convergenta,7.0,1.9,6.6
7.0,-292.46568221965697,31.33727484718681,41.74337327440169,convergenta,8.0,,4.9
8.0,-331.5904968774039,19.03093162041722,-71.50542281430943,convergenta,5.0,6.4,2.0
19.0,-113.40524273113903,5.344486920521031,89.03963351819664,convergenta,4.0,5.4,4.6
29.0,-71.38273688992913,78.84241631285167,43.15429441928336,transformare,8.0,7.9,4.9
,-52.01296376272656,82.6691806071315,-92.11295744378728,convergenta,4.0,2.3,2.1
20.0,-311.4919709909525,10.810816394712838,-40.87880600832483,convergenta,6.0,7.7,2.1
18.0,-35.25154954918352,30.10263673465034,163.68176702808913,divergenta,5.0,6.4,7.8
10.0,317.38822235291843,15.783486256371948,,convergenta,1.0,3.1,1.8
,-93.95833422478094,10.430862194329176,87.07204356839,transformare,1.0,7.0,6.2
22.0,-185.80364620405572,80.98800687000272,19.41764441100706,divergenta,7.0,7.1,3.6
10.0,200.54894139978578,5.118953323081992,91.11273180452764,transformare,2.0,2.3,7.7
26.0,44.06063322731998,88.24370971221062,57.9242466259813,convergenta,8.0,3.5,4.4
19.0,-233.01565348283748,8.680577462764576,20.02963312902246,transformare,2.0,6.3,3.8
1.0,-150.44649731777335,77.71235842742271,-242.14173766806442,convergenta,6.0,4.4,1.9
28.0,207.58686971339074,50.985549629024646,84.66542769918516,transformare,7.0,7.2,6.0
10.0,-349.1208686523296,33.112573903608606,147.63580611837597,convergenta,4.0,5.5,5.4
29.0,71.33790314231804,30.810813896264207,41.61791240701173,divergenta,2.0,7.9,3.4
12.0,-90.61930222710184,68.16277289139379,204.42635363815262,convergenta,2.0,2.3,8.4
18.0,108.09638231090283,28.31159655038585,179.50608818551012,transformare,7.0,7.0,8.6
10.0,122.50150498575323,59.15870249554276,131.6470424470674,convergenta,9.0,5.0,6.6
27.0,71.99218201681717,46.55934751644721,23.55961395888183,transformare,5.0,5.4,5.6
1.0,5.562476906330207,43.646908064226345,-27.58998978875543,transformare,,3.6,4.7
23.0,280.24297236129036,81.10459535842455,34.016050432555524,,4.0,3.5,3.3
17.0,-285.38838616218965,49.91805527582336,-9.941714682279176,convergenta,3.0,2.9,2.0
11.0,-24.64576620411782,74.41754427438255,122.4812428532327,convergenta,9.0,4.3,5.8
5.0,-119.37875531919754,65.30161806913405,30.952657594187503,transformare,2.0,3.3,5.4
25.0,-168.1477215491963,3.470152145309852,223.78632549888107,divergenta,7.0,2.9,9.4
21.0,143.2010899348956,69.57990472548772,106.48703112671609,convergenta,4.0,8.7,4.8
4.0,27.09206613438055,19.51832250819366,35.37799683194047,transformare,8.0,4.9,5.4
20.0,64.37514510604461,81.28346821664144,147.8322774098645,transformare,3.0,6.6,7.3
9.0,173.60613654629216,3.863177154794881,-83.54327648168348,divergenta,3.0,4.3,2.0
25.0,-137.0942928635729,29.97648310268869,-46.257549013652536,transformare,9.0,5.8,3.3
28.0,150.7453925284912,8.97596525112786,28.479932475266697,convergenta,9.0,5.2,3.5
28.0,-144.50215514912142,42.80302053763594,111.34163686362268,transformare,4.0,6.1,7.3
15.0,38.450807565973655,73.80201922827766,-80.09135083435456,convergenta,6.0,6.9,2.0
24.0,296.20542091429036,26.836862369675767,140.15300292427537,transformare,4.0,6.5,7.6
1.0,-45.41677206747948,,50.28709123447183,transformare,4.0,7.2,5.6
20.0,-164.40339070969603,29.724033212720926,-43.36964163813765,transformare,2.0,2.6,3.4
9.0,194.0814413545878,73.24921277285723,69.37882999497197,divergenta,9.0,2.2,6.8
8.0,-354.35395111962106,12.63455620194122,119.1308639609464,transformare,6.0,4.0,7.9
24.0,169.18292362655046,20.462620416975163,115.0363846034648,divergenta,4.0,5.1,5.9
14.0,83.38125167506301,6.196676804403655,-53.803694035365794,convergenta,6.0,3.2,2.1
27.0,-445.49074508116786,,-23.502751079497756,convergenta,,7.3,2.2
18.0,-11.42254713264949,35.570991918270316,160.04990076268115,transformare,7.0,6.9,7.9
25.0,59.54004714774291,27.975597942898442,236.39309087452665,convergenta,4.0,8.4,7.2
21.0,-69.54086922676098,64.67637513070368,110.65420942504598,divergenta,4.0,7.0,5.7
24.0,-124.09439793505533,30.23797881062297,87.95349249626439,transformare,5.0,2.3,7.3
1.0,289.93996293458633,65.49941458929763,46.14280661213942,transformare,8.0,6.5,6.3
12.0,375.47540919997726,73.36794557828821,42.80243258180611,transformare,4.0,4.6,6.1
29.0,41.89829242174311,19.58965591119646,-87.6957079834113,convergenta,8.0,3.4,1.6
5.0,,87.6436827161385,-2.855704566598746,divergenta,2.0,6.0,2.7
26.0,-300.2910182385675,14.61221531214001,-93.10930015094343,transformare,4.0,3.8,1.9
1.0,350.37298028537447,26.17568159910683,146.82828189117086,convergenta,1.0,5.5,5.7
11.0,-24.37159673509889,16.181576175018748,32.7466923708254,transformare,8.0,5.8,5.4
15.0,-8.691935163806825,31.0955090720701,-45.29489108760629,transformare,9.0,5.5,4.1
23.0,240.4252704911492,43.205479903868,247.2189829942709,divergenta,3.0,1.6,9.1
,284.9321496145471,46.995828210190716,168.3110721272016,transformare,3.0,4.1,8.5
21.0,89.0530111460486,76.82454380666448,-59.66932255865467,convergenta,3.0,7.4,1.8
19.0,188.21105300019866,80.050311793428,154.16727393046142,divergenta,1.0,4.1,7.3
5.0,-187.64809306134177,19.809347470281573,48.82485494239851,transformare,6.0,5.3,6.6
23.0,-229.57000634557508,56.06046289671772,23.165037381251114,transformare,3.0,4.1,4.9
4.0,-294.83600353203025,10.034645156884404,130.21407456261966,transformare,9.0,3.0,9.0
27.0,-124.17105341724299,41.307287416386146,-114.46290243473399,convergenta,5.0,3.0,2.4
20.0,-214.45211507813823,29.010018424195632,93.77155783101155,divergenta,1.0,7.1,4.2
8.0,-16.6655285569772,28.485067090824575,6.988432702476906,convergenta,4.0,6.2,2.7
9.0,36.0176099011194,43.43258175408909,157.08243686560297,transformare,1.0,8.5,7.4
14.0,88.62635509605812,65.68448719763408,-103.58654102326213,divergenta,6.0,4.7,2.0
6.0,-270.77789438089985,6.226439291315055,-32.07513906787807,transformare,4.0,6.3,3.4
1.0,-33.39355713941782,79.1256003918664,39.04364677275416,transformare,4.0,5.0,4.5
9.0,-303.59798584239326,66.1332397167505,-149.6990699718796,transformare,2.0,5.1,2.0
16.0,-88.21222661749347,15.884945000015412,-47.41574919250711,transformare,1.0,7.9,1.6
16.0,109.3414912475508,84.52448181786333,,convergenta,7.0,4.9,1.8
,345.59815592427157,45.568100162104976,24.534169646683996,transformare,9.0,8.5,5.1
12.0,-229.30014953928924,89.98277203052687,50.6113381145848,divergenta,3.0,6.2,4.3
5.0,77.91760823237257,17.75335268706639,209.9379237156065,convergenta,4.0,2.1,8.2
8.0,7.4891987346967,48.14173785448812,-4.834900296640008,transformare,8.0,2.0,5.8
29.0,205.55016988810863,26.122323830393558,-41.37907733806368,transformare,1.0,8.9,2.4
14.0,154.5143450348727,27.375620165032192,-58.84509670196533,divergenta,5.0,,2.3
27.0,-14.776083769464401,53.195884275059115,123.86526595139227,,4.0,5.9,7.2
11.0,80.64073114528051,82.954716018375,11.436619013122517,convergenta,2.0,4.7,2.3
21.0,-71.91808020542905,72.47374700212575,83.73310265015863,divergenta,4.0,2.7,6.3
15.0,-22.801906132039022,65.15472586511933,-98.06582043451172,divergenta,6.0,2.4,2.3
18.0,-102.05097031831524,50.3256403891532,166.97580037209931,transformare,2.0,3.1,8.9
28.0,-122.62551585649668,83.0068653300703,-22.112888304511415,divergenta,6.0,6.0,2.4
20.0,102.83318312384785,44.312526602179574,36.92682844549258,transformare,6.0,5.6,4.8
4.0,-127.74058315540223,78.64489605012463,96.9240472612833,transformare,2.0,4.0,6.5
,364.2103776001773,75.05834794889685,7.251143331035159,convergenta,3.0,1.8,2.7
19.0,77.96133027043872,19.24518121214279,70.96259324209134,divergenta,8.0,3.9,6.3
22.0,-97.65132650085164,69.41029166693193,122.80293762343362,divergenta,4.0,,6.7
3.0,116.23523833005014,1.0954041248932889,-167.65069617265218,convergenta,6.0,7.2,2.6
20.0,215.88361195969236,29.054658379327876,131.4030237999894,convergenta,2.0,7.0,4.8
22.0,-180.36149195588655,20.66107002227548,-78.93134387253582,transformare,7.0,3.2,3.2
27.0,-65.69134248278448,45.61766626385821,223.8879498210357,transformare,8.0,3.2,9.4
12.0,-14.965740195254345,66.3167845512707,93.57800651942833,convergenta,8.0,6.2,5.0
24.0,155.02280924925918,8.79087307029517,115.4863771481341,transformare,7.0,6.4,6.9
29.0,,46.34299817430916,-157.58698338212534,convergenta,9.0,5.7,1.9
29.0,-310.5790801349629,84.4570819524947,100.24256925008129,divergenta,7.0,2.3,6.8
19.0,-168.44013548151338,,100.4833635455637,convergenta,1.0,3.6,4.8
14.0,-142.52533349610022,60.94270297002817,84.97457703896137,transformare,2.0,1.7,6.9
24.0,-47.988978031455325,53.35922437030418,228.676369431443,transformare,1.0,7.2,9.7
2.0,123.33256443322301,,-11.130615170396574,convergenta,9.0,7.5,2.3
7.0,170.61742911964325,42.82435762715005,75.63798681577727,transformare,8.0,8.4,5.8
11.0,61.49520522438113,63.78933518469438,163.6478693284149,transformare,6.0,2.2,8.7
22.0,-105.68143495269565,3.957788882168154,,transformare,2.0,8.3,4.3
17.0,-95.61224897589378,79.1569334721357,109.99785586571993,convergenta,2.0,8.4,4.2
28.0,-87.55580927098238,46.80732749721058,64.58434568596506,transformare,2.0,9.0,4.2
17.0,175.94531138934627,2.759494349314613,6.072275686321724,transformare,9.0,7.3,4.1
27.0,-100.06798808917073,20.197225072875618,24.12186527686313,transformare,6.0,3.5,5.1
29.0,-109.02186391901745,85.83081267845817,-25.212374031431594,transformare,7.0,3.5,4.7
4.0,9.49104426373128,52.40877597468498,73.2791510639203,convergenta,8.0,6.7,3.7
27.0,349.86976089768854,9.672531099192408,-20.850040446374635,convergenta,5.0,6.6,2.0
18.0,-68.6606600060455,25.879005205250536,132.17339388207466,convergenta,2.0,6.5,5.4
11.0,427.790221084619,41.103326327443575,185.471367222238,divergenta,2.0,4.1,8.0
10.0,226.55063287544542,1.8855062340957418,66.85984053506208,divergenta,8.0,5.4,4.7
13.0,97.7725586783336,37.04539622523829,47.92485317360042,convergenta,5.0,3.8,4.1
14.0,-77.3833224038322,44.051277189122835,198.50178945594897,convergenta,6.0,6.0,7.9
26.0,311.80077051972563,21.931008775310897,49.77867400085872,convergenta,9.0,7.3,3.3
7.0,89.77503110542938,52.97751002627879,94.4969044871028,divergenta,5.0,6.7,5.1
7.0,-8.54950085775911,67.79161076329592,-46.278454600247414,convergenta,8.0,4.7,2.3
8.0,57.3763442750763,21.225080169507194,-57.79852561690619,convergenta,8.0,5.4,2.2
9.0,15.409823802442164,55.844991025198894,8.577251149399956,transformare,9.0,7.3,4.6
14.0,-79.64241960580259,57.56600186673674,210.46869446785888,divergenta,2.0,3.2,8.3
25.0,-196.18335024985734,85.36862710159569,17.182927645457497,divergenta,6.0,3.2,4.4
8.0,-146.94893056325708,70.04485505667994,44.44202363369407,transformare,7.0,5.1,6.1
17.0,-169.8713451161752,76.35107428110054,128.56585523909558,divergenta,8.0,5.2,7.3
,-207.72593154391623,44.137791759264765,7.549372553855392,transformare,7.0,1.7,5.6
23.0,89.43756085428743,16.681372828144454,112.52622484119368,divergenta,2.0,5.9,5.2
25.0,295.9207428712038,89.62337636636715,126.98237107200518,divergenta,4.0,4.6,6.9
16.0,97.85396455120626,11.642018493482965,23.60254648373699,convergenta,7.0,5.8,3.0
26.0,85.65599264224127,,-144.81340284208684,transformare,6.0,8.4,2.3
,,6.1283789317895945,28.254389912411014,divergenta,7.0,4.0,4.4
4.0,205.78983704057322,84.94657716157376,127.23029938871845,convergenta,4.0,2.3,5.8
7.0,133.7654778349531,86.84324467635956,107.29023655525874,divergenta,3.0,,6.6
18.0,-24.705007486372487,64.74501558035762,-120.27332661124001,convergenta,3.0,3.8,2.0
8.0,-109.44378212337314,31.499355926715204,70.93512562190635,convergenta,1.0,8.0,3.0
21.0,42.19936779033378,22.89441610058619,86.38000390868964,convergenta,2.0,5.6,4.1
26.0,-379.03019088054924,23.877299208334268,21.588190952504366,transformare,9.0,9.0,4.7
3.0,111.04816271844209,11.456462287806726,81.8862781706643,transformare,7.0,3.6,6.0
29.0,267.75828695386053,47.322805776905064,62.43080071531175,convergenta,7.0,2.0,4.0
,134.32136105220832,12.763554813132975,-55.585908313783165,divergenta,5.0,3.8,2.1
25.0,8.78253352255147,28.505759989811065,,transformare,6.0,8.9,5.2
19.0,-60.42980609383583,56.40358283631944,57.17524003316021,convergenta,8.0,7.1,3.4
14.0,142.46918152180695,65.47892486316748,-96.74382367514224,convergenta,3.0,8.4,1.4
24.0,-83.82123707365625,,-72.85678692417608,convergenta,3.0,6.0,2.0
25.0,114.58472019113599,38.710438593906595,248.36302150559192,divergenta,1.0,3.6,9.4
5.0,391.5564234156727,58.691213535792514,67.00519910414904,transformare,5.0,8.7,5.3
5.0,18.8653446671831,76.79213785426616,,convergenta,2.0,3.2,7.9
13.0,,42.77923039908742,99.66371909275998,transformare,9.0,4.5,7.1
18.0,78.94527037277706,87.22852845459167,148.7853580897959,divergenta,4.0,3.7,7.4
24.0,22.840375845858706,23.906929278730253,17.35723591207492,divergenta,9.0,6.3,3.0
23.0,80.09082815199383,1.2157835964046992,-5.949591684336809,transformare,5.0,4.6,4.6
26.0,14.573806354914264,43.537757823156255,-46.34890507535334,convergenta,4.0,8.7,2.1
21.0,19.15695504395711,23.050241551801616,-18.96594435871583,convergenta,4.0,8.8,2.3
2.0,58.87448623609842,74.13459048208524,164.85850070286045,convergenta,1.0,2.2,6.6
6.0,-579.9828280992791,20.949540496300088,-72.76840142707417,divergenta,1.0,8.5,2.0
26.0,100.84476730155558,27.956629646217568,147.2848216028207,divergenta,5.0,7.5,6.7
24.0,-134.95093056540009,71.2104687917201,-8.69782276886314,transformare,7.0,6.8,3.7
28.0,216.23874410225272,64.36289268228239,-42.16906794886293,convergenta,1.0,4.2,1.6
,223.16062119538103,50.22461129915363,39.92088484128077,divergenta,3.0,6.6,3.0
20.0,296.668767299703,63.44532557304836,149.7152859122143,transformare,3.0,7.6,7.1
22.0,115.12801318476775,37.67731772130239,-20.913466550613066,divergenta,8.0,7.7,3.3
24.0,-416.38731182065766,0.4779042853201021,-59.04799205852534,transformare,8.0,7.5,2.7
20.0,93.17473604729238,,99.42368957611427,convergenta,5.0,3.9,4.7
23.0,30.668407844411448,46.0099608816318,-88.45882761494968,convergenta,3.0,2.9,2.1
23.0,341.54906752002483,7.496188174709931,98.62191703387748,transformare,7.0,5.6,6.9
,225.8748717969996,4.59679321523311,27.010877494393334,transformare,1.0,3.4,4.9
10.0,254.0330764142216,86.8964975223726,52.529221343368654,divergenta,3.0,7.4,3.8
18.0,23.67861904903736,77.31023756922527,-122.58669877235647,transformare,7.0,1.8,2.4
10.0,-18.78732602966065,13.682450448861257,-112.6068069920677,transformare,9.0,4.7,2.0
23.0,-106.82567853469372,0.05977967311840415,-23.317153906052496,transformare,6.0,7.3,3.0
1.0,-156.6794641553415,84.75010158507808,65.89037158819905,divergenta,1.0,2.1,5.1
20.0,-163.40350471158825,25.04927684881029,209.41625084671597,transformare,2.0,6.7,9.0
25.0,95.1591630401318,16.730784256994774,33.48747582882471,convergenta,8.0,3.2,3.8
5.0,223.90591942919883,62.23572970483817,179.03808270159206,transformare,5.0,2.5,9.0
18.0,-42.09031084616615,9.801336495719358,-7.30919509959692,divergenta,9.0,3.8,3.4
21.0,,23.818463820252028,-270.4271061553116,divergenta,1.0,1.6,1.8
22.0,113.58665344524577,87.75852121908419,,transformare,7.0,6.2,5.3
17.0,7.598941960694946,57.551649702660924,44.606985465871574,convergenta,2.0,4.0,3.8
4.0,30.57003602576046,46.86100123342982,-29.312225209288016,convergenta,4.0,9.0,2.2
11.0,148.1855823616636,,-13.391164544797228,transformare,1.0,2.2,3.9
2.0,-190.6222133524922,69.70508593957818,120.21385601376747,divergenta,7.0,8.2,5.8
21.0,-220.2314016570225,12.686172887132436,-6.6946736687789254,convergenta,1.0,5.2,2.0
5.0,-3.54976590767021,87.06040218332839,9.892437595004452,divergenta,5.0,2.4,4.7
5.0,171.92138337180612,77.5010707259208,197.76017750852114,divergenta,4.0,7.9,7.4
17.0,-68.23304604453317,55.5891284312319,-19.840257729262362,convergenta,6.0,2.3,1.5
17.0,-100.05012801425471,3.8615571362302346,163.23254798030138,convergenta,5.0,6.3,6.2
16.0,-113.01073927484299,63.0770084502964,-10.364693870465715,convergenta,7.0,3.3,2.5
,-67.00584690165267,82.19559067969327,-82.31162823631095,transformare,9.0,4.9,3.4
14.0,152.08156814821814,47.21193607307634,115.4643654228856,transformare,2.0,5.8,6.8
9.0,-13.508607476502691,31.88023396445365,-38.52206443437122,convergenta,,8.4,2.0
28.0,-97.147598599521,10.824961048152266,97.33371932526651,transformare,6.0,3.6,7.8
12.0,38.35279218562306,67.94109937238115,155.5412332880805,transformare,8.0,4.4,9.4
21.0,223.7677470084803,79.65196660906255,-60.77111145427206,transformare,5.0,3.0,3.1
7.0,-111.02052166975993,9.022656966826371,288.59840769164305,convergenta,5.0,4.1,9.2
10.0,-16.87264026804852,68.30860992771078,-2.2301026571200353,convergenta,4.0,2.4,1.9
29.0,70.08287924799541,,-68.89750319848372,transformare,9.0,5.6,3.4
28.0,132.5445372653109,87.03494262694976,265.87538106173747,divergenta,3.0,5.7,8.9
16.0,239.0915007783658,55.355221857158654,117.34681168937402,convergenta,8.0,6.2,5.2
4.0,-41.48231084497962,,97.97878501015916,divergenta,4.0,3.2,7.5
20.0,-99.00415743079836,26.6354850230035,47.62278268939877,transformare,1.0,,4.8
13.0,86.37545566567975,83.63625044128051,63.110990947019346,transformare,5.0,1.8,6.7
19.0,151.16756713479657,23.93150646031119,12.394917917844772,transformare,7.0,1.8,5.4
18.0,87.38482860169808,,32.415995684581176,divergenta,1.0,3.8,3.9
11.0,,88.65978114034188,77.33746976021656,divergenta,7.0,5.2,5.0
3.0,321.37022458122493,70.50569809633252,117.94640989984164,convergenta,5.0,6.7,5.8
2.0,64.26760672263933,46.70909283477886,-24.180530413322572,transformare,8.0,7.2,3.1
12.0,-199.73017637501158,,74.79820888035186,transformare,2.0,4.5,6.0
4.0,,42.51724102539657,49.313447901566825,transformare,2.0,7.2,4.5
13.0,-86.40294791280995,39.44303522745332,124.40109586451577,convergenta,3.0,7.0,5.0
5.0,252.0849159542459,18.251643706829572,65.65951434563017,convergenta,2.0,6.2,4.1
27.0,-152.97512222206475,38.1228873042874,-28.46336695412822,transformare,7.0,2.6,3.6
2.0,-217.68566050190756,32.198209567230485,223.22531253470999,transformare,1.0,3.7,8.8
18.0,165.9251471561251,14.731583503648363,24.618287369012354,transformare,1.0,5.5,4.4
1.0,30.387771695849317,39.723672899923756,169.93146825516845,divergenta,5.0,7.6,7.8
8.0,-100.13931878409464,23.651996069204014,103.30446658161536,transformare,7.0,4.5,7.4
,-147.13489070068997,46.985617861403796,221.60931619934541,convergenta,1.0,8.8,7.3
27.0,-227.41987781787793,3.164405374457476,86.15156442909408,convergenta,1.0,6.5,4.0
5.0,406.77349568072907,81.56082778085558,-13.046591402720345,divergenta,6.0,3.8,3.9
4.0,233.13279034548103,73.47278749678705,-15.10550530876084,transformare,3.0,5.7,3.7
6.0,-38.28952417227222,49.73231992594541,84.96376539937977,divergenta,9.0,4.3,6.5
7.0,-6.426771888471202,76.66277244815188,-141.44082306057862,divergenta,3.0,8.3,2.3
4.0,145.73178270027856,86.61555664297204,122.11671253512507,convergenta,3.0,1.9,5.9
3.0,179.172020062348,9.94700646473945,-183.02131206180846,transformare,6.0,3.2,2.3
26.0,111.50050944561913,56.77486275688234,-74.1418375163351,divergenta,1.0,2.2,2.1
9.0,-337.1920267138602,89.81946008420927,185.47601917511406,convergenta,9.0,7.5,6.5
29.0,30.109388456336767,88.91002524001735,19.215345637296245,convergenta,7.0,2.9,3.5
2.0,200.41456829279122,54.29906930616701,29.480868401029802,divergenta,2.0,7.1,3.1
29.0,325.1610572885473,11.521878340573501,19.876004785917296,convergenta,6.0,5.7,3.1
5.0,13.286461924735637,52.48735478914754,135.1601940356216,convergenta,3.0,7.7,5.0
27.0,158.25948541625516,0.18581720169795424,181.26730130195992,transformare,,9.0,7.6
1.0,-16.581885227560793,17.902020120017365,-74.59754525937583,transformare,3.0,2.7,3.0
25.0,321.59606541783677,,73.91471213596444,convergenta,,2.6,5.7
14.0,-9.528400662075986,29.739651534255948,7.7767362766457495,convergenta,8.0,6.3,2.4
20.0,59.11812966801941,57.45510951992537,84.68084217754938,transformare,2.0,1.8,6.6
10.0,177.45954865290827,25.27735451690184,81.53815990303666,convergenta,1.0,7.6,3.3
22.0,-95.6416479337583,85.30396984004305,,convergenta,2.0,4.3,2.8
6.0,343.8773396041548,65.5702856954538,-95.12979551710669,transformare,4.0,4.5,2.2
2.0,90.35450787898249,29.668604182327137,-51.287755154989696,convergenta,3.0,5.8,2.2
8.0,104.95388616319197,71.25852790623338,-43.833323887604024,convergenta,2.0,4.1,1.7
,187.1615683212411,9.734897202870389,-68.6550135740269,convergenta,9.0,3.8,2.1
23.0,-181.89196220852622,35.30870460589135,178.1849444643301,convergenta,2.0,3.0,8.3
21.0,-37.6154568633375,19.90963149584331,-54.06126029748137,convergenta,1.0,6.9,1.4
8.0,161.55529973835567,61.53538025484416,-26.38322332573331,convergenta,2.0,7.3,2.0
4.0,32.620607613793965,,,transformare,8.0,6.1,2.3
22.0,148.82075069889217,35.73232490544066,62.9476272822081,transformare,9.0,3.3,6.4
28.0,-29.388235610879093,24.898475718827065,,transformare,8.0,6.7,6.0
13.0,428.7617997995515,45.57086273914237,-35.30492477667889,divergenta,9.0,2.7,3.8
4.0,12.51716982715432,31.490791245349104,74.3755591435523,convergenta,7.0,8.1,3.8
7.0,42.70676830500206,63.57695199003099,268.0030231899841,convergenta,3.0,4.8,8.8
21.0,220.14702785059816,2.211932187626946,120.94742231715463,divergenta,1.0,5.1,6.2
8.0,148.02087330501848,57.05882291753168,142.43423456906913,divergenta,2.0,3.0,7.2
20.0,-178.71095485677714,20.751416072443803,-2.402064268921812,transformare,5.0,6.1,4.3
1.0,-619.3033789978126,,87.83844298551216,divergenta,4.0,8.9,5.1
6.0,149.18338123621717,72.02300432251712,191.73270168221038,convergenta,4.0,5.9,6.7
28.0,147.0694979734794,86.00115545823787,94.30904020736452,transformare,6.0,6.4,6.9
12.0,-169.51773765922638,28.489518902437794,-29.688427008825286,convergenta,1.0,3.7,2.3
10.0,21.624346214603737,74.4124743332168,22.38806744948177,divergenta,1.0,3.9,3.5
20.0,216.42151102047578,9.35917541741098,93.6830296846212,convergenta,7.0,3.0,5.8
,-302.0761745777806,57.05834877066449,138.663693624942,convergenta,,5.4,5.5
22.0,-106.73058369553169,,-101.54987466466659,transformare,4.0,2.6,2.3
6.0,189.11391922891806,14.038013523101089,-12.007203473340589,convergenta,7.0,6.1,1.8
29.0,0.7932405254671826,38.34021489026045,20.252542400098108,divergenta,2.0,5.0,4.1
9.0,0.7684627000368777,80.34364478240833,101.29602922159546,divergenta,,6.2,4.8
12.0,-321.69756602691155,9.322061710353497,150.28247401106609,transformare,5.0,2.0,8.4
15.0,-129.5335584462809,1.6286722381327634,-51.95035660812499,divergenta,5.0,8.1,2.1
1.0,-211.1422083661759,53.152684114314035,82.48050923248714,convergenta,6.0,4.3,4.7
9.0,291.8688201692999,39.19783864778401,141.7884988992456,convergenta,6.0,3.1,6.9
20.0,,71.88203239955124,20.116058151705385,convergenta,7.0,5.3,3.2
7.0,,83.11099843836959,-10.331112266710385,transformare,8.0,8.5,3.7
26.0,-139.20344766877227,,,convergenta,4.0,6.7,2.0
11.0,73.274858318454,34.95637054521948,111.85409251516845,transformare,7.0,4.1,7.0
20.0,-195.44040888619182,43.764487769638336,168.4303812119445,convergenta,5.0,3.8,7.2
3.0,194.0923134758485,52.933631439176935,246.60492345368206,convergenta,7.0,6.5,8.2
28.0,70.46272711142599,88.54684467134551,148.6715152704102,transformare,5.0,2.2,9.0
24.0,-86.17770907859398,62.75972257470464,78.1216890732235,convergenta,7.0,4.2,4.9
,-285.8700704342881,35.05936566110119,-45.360892394685465,transformare,5.0,5.1,3.7
20.0,-19.235896386716618,23.73909178054159,-24.426383607986836,divergenta,1.0,7.2,1.9
27.0,-278.3985300267047,85.01631465799116,-68.35391477007242,convergenta,1.0,,2.5
15.0,96.24596983253447,12.199358979765575,-44.735020903143024,transformare,4.0,7.4,2.7
1.0,-63.488411681158,64.82392672542822,27.49680813794286,transformare,7.0,7.4,4.2
20.0,96.61709391897806,83.28555227631966,-113.0017250676716,convergenta,5.0,1.6,2.1
7.0,-39.98429571458481,59.819902788099476,13.036781541473069,transformare,2.0,2.9,4.7
2.0,,38.0748996149509,20.19940210368585,convergenta,8.0,6.4,3.0
13.0,76.9480548267671,17.90918459329356,224.9792942569276,transformare,3.0,5.2,9.3
28.0,-133.9538804416297,33.07277900267345,189.11092726953098,convergenta,4.0,1.7,7.7
26.0,-175.44988934156316,63.61846284781099,5.469797151159746,transformare,1.0,4.2,3.6
19.0,-132.29127929839672,58.458080175776715,260.88498117487643,convergenta,6.0,6.2,8.8
14.0,161.2904881080451,83.51785499385221,,transformare,8.0,8.9,5.6
10.0,-75.65091470806331,78.01748222934374,221.9085078552363,convergenta,5.0,3.1,8.7
5.0,-421.6745518596674,73.45356770397315,103.62827185695132,divergenta,3.0,2.6,6.1
26.0,-121.41056068978064,82.03057878156861,26.547745494124484,convergenta,5.0,4.2,2.3
28.0,-221.8132432960087,24.870343746334445,-27.78425998431733,divergenta,,5.6,3.2
18.0,-140.77570745919272,33.257118612568455,-0.7462904676799695,transformare,,6.5,3.6
4.0,-240.3339926810147,34.19045134074157,-15.491720262675784,transformare,4.0,4.2,4.2
3.0,-48.74731915381645,50.440552983880224,51.59144756785665,divergenta,1.0,3.2,3.8
21.0,-138.80931101069982,60.13964065884939,-93.31113301897315,transformare,5.0,1.5,2.4
14.0,-60.862674257815925,25.80450147363549,-16.331406113804718,transformare,8.0,2.9,4.4
26.0,,1.7516220578370312,52.811392906305876,convergenta,8.0,2.3,4.1
16.0,96.51347382157331,35.93001452921184,,convergenta,3.0,3.3,2.0
24.0,-27.808183830259136,27.767516359896042,140.12694018151277,convergenta,7.0,3.9,6.7
5.0,23.25461320056738,84.7966247116243,38.68828299862771,divergenta,4.0,2.1,4.6
10.0,317.280345620605,79.94385364896392,41.35428055291062,transformare,6.0,4.5,5.7
5.0,-74.82898795527261,77.42796105090775,54.90936518381311,transformare,9.0,2.8,6.9
18.0,55.044933937183735,58.769978485071874,40.482457513263796,transformare,3.0,5.9,5.6
19.0,-184.69832868121608,30.9860248229045,121.96463977412564,divergenta,4.0,,6.7
14.0,-17.179657127986914,49.39643406593743,-47.92531600045167,transformare,1.0,6.3,3.1
14.0,-97.32774125757442,73.37025366447354,75.09086714186186,convergenta,6.0,7.3,4.1
24.0,-72.39311390085012,8.874933185052994,-63.71985070637443,divergenta,1.0,2.1,2.5
3.0,-235.44196739822783,72.09673922297742,24.381373768211567,transformare,5.0,4.4,4.9
4.0,-274.90369479844543,3.70618121953095,-94.7539395021632,divergenta,4.0,8.8,2.0
10.0,245.76092632507638,73.47789280929202,9.696428167475126,convergenta,9.0,1.5,3.4
27.0,-21.760952807461052,72.68074237438861,125.01617909840532,convergenta,8.0,4.9,6.0
24.0,103.98590520664222,4.590657794588023,-10.971406178758812,transformare,1.0,5.0,4.1
27.0,131.0991555770231,56.44446403156724,233.72042468479526,convergenta,4.0,7.7,6.7
23.0,-7.896088370911266,,24.122187983744496,divergenta,2.0,3.7,4.0
23.0,-333.1655856061366,15.28375528545432,-24.987392364680517,transformare,6.0,7.3,3.9
13.0,-88.8925458635547,13.354104390963808,23.885472285130778,convergenta,2.0,1.5,3.1
16.0,-89.51671196213613,69.59332134603208,76.67969895940378,transformare,7.0,5.2,6.1
3.0,291.89034868934954,51.09234739531597,,transformare,6.0,3.9,8.0
27.0,-78.4909523495127,88.46992214248792,2.6618349085581983,transformare,9.0,7.6,4.7
20.0,181.23656540647534,88.40229995595097,198.830046109762,convergenta,6.0,4.5,8.2
7.0,12.459914772928872,89.34002941178397,79.04325452306911,convergenta,8.0,2.0,5.9
15.0,355.2213197133061,10.67539665291893,21.75069948329821,convergenta,3.0,6.8,2.3
17.0,222.64218762873028,84.4430523267566,-162.212762827898,convergenta,6.0,1.6,2.0
29.0,-258.51117182997467,22.01126481185065,-36.66379755036343,convergenta,3.0,4.0,1.7
16.0,27.23633011166546,41.23910337827508,33.50289747375712,convergenta,8.0,5.2,3.2
27.0,,68.16659002395534,138.7747583326757,divergenta,1.0,7.1,5.8
9.0,-108.7053278953785,18.325883886950876,-186.02921483228917,transformare,7.0,3.8,1.9
1.0,129.2946139247314,50.96804449988969,21.71586061695605,convergenta,2.0,2.3,3.0
11.0,128.23091299630454,16.723507340339612,105.76241059706192,convergenta,1.0,7.7,4.4
12.0,-14.547676391006464,9.426249601316396,147.74732018000896,divergenta,8.0,1.6,7.8
14.0,-73.43307756068188,10.490275118663867,-96.89843058005638,transformare,8.0,8.0,2.1
8.0,-103.00933152289355,32.18751313633969,-90.97644930404743,transformare,5.0,2.3,3.0
7.0,-111.0752053807209,0.4189353153465136,52.406485697955944,transformare,1.0,2.4,5.7
14.0,-225.84129538101408,38.23685290815206,46.54743377649498,convergenta,4.0,2.7,4.3
22.0,-163.23742533805378,59.77773945730341,-66.7882703590745,divergenta,6.0,2.6,2.6
16.0,-18.934295975800417,36.151936650358984,118.69497466602277,divergenta,3.0,7.5,6.0
10.0,59.304653891840324,,,convergenta,1.0,,4.6
7.0,-32.61511063629461,5.641997582127649,43.21205122230214,transformare,,2.8,5.6
22.0,-2.4561623129020385,25.030486148837554,77.53821144496767,convergenta,8.0,2.3,5.3
12.0,-114.76402892359505,15.23814214892407,96.3518488961506,transformare,8.0,5.8,6.7
19.0,222.67909514031297,,154.29272408196778,convergenta,6.0,6.7,6.5
,-48.248433149680885,13.61072024766765,33.0911995579413,convergenta,9.0,5.7,3.2
29.0,96.82629200691328,72.4916193664497,205.36270907517738,transformare,8.0,1.7,9.0
2.0,-153.20924927935917,52.74971475670303,21.707915560740076,divergenta,3.0,7.2,3.7
10.0,-34.458678896328614,51.23582279858649,-37.79047668357603,transformare,4.0,6.9,2.3
3.0,-31.031742371530438,46.08726443314061,-92.9291888224449,convergenta,1.0,6.9,2.4
19.0,10.353099519115467,87.4586768502556,83.66959916889701,transformare,2.0,3.1,6.7
29.0,358.90798935736814,32.7460297582474,113.7962016255973,convergenta,3.0,2.0,4.8
15.0,-29.57346257897411,70.91241758584886,68.79941581044547,convergenta,8.0,9.0,3.7
6.0,-59.92993440003047,49.97646967202637,-4.617960542375641,convergenta,1.0,5.1,1.8
28.0,54.99578579397432,35.607030086315355,120.31765712055791,convergenta,3.0,6.9,4.1
23.0,148.4914110381376,85.99193399752028,-65.45137759577403,convergenta,4.0,2.2,2.4
5.0,172.22361525279638,53.84843724282184,37.199618692443266,transformare,3.0,5.3,4.3
19.0,369.4682793197286,10.70252479314122,-12.427805334200528,transformare,9.0,5.3,4.3
29.0,260.02158808236976,37.578528089717096,217.86146946566515,transformare,1.0,2.4,9.0
15.0,35.662387494000036,70.34235549134469,83.8660403491456,,3.0,4.1,6.5
19.0,-145.07923340732816,62.43723209152924,182.76015171230264,convergenta,5.0,8.2,6.6
2.0,174.12295896078555,,38.59495003189864,convergenta,5.0,6.7,3.4
13.0,-56.12290139889713,23.34396457273682,,convergenta,1.0,7.0,2.8
1.0,129.96916291690982,68.23743447184414,109.3084236669122,convergenta,6.0,8.1,4.6
10.0,-317.14024876193304,41.38876866550688,147.29400242791462,convergenta,1.0,3.8,5.7
17.0,,51.62487722701339,194.683859368423,convergenta,9.0,7.4,7.5
3.0,-35.53880485157062,85.95420129056546,161.1577832279997,convergenta,2.0,2.2,6.8
,-48.82195309817881,,213.97481378012682,,9.0,5.8,7.9
20.0,-28.524065213956092,,172.0441757767248,convergenta,1.0,5.5,5.8
11.0,-95.26246380593145,32.31873789572666,112.99078894128698,transformare,3.0,4.7,7.1
17.0,271.9476073089189,79.89307521545878,276.91857466873444,convergenta,6.0,3.1,9.1
27.0,-67.8996436708641,57.47482598772717,-16.9120248479189,transformare,4.0,4.7,3.8
28.0,,38.699710242364176,182.14865394957403,transformare,9.0,7.8,9.2
25.0,-18.4554015568453,3.216841425043536,-194.85172340584836,transformare,8.0,7.0,2.6
25.0,4.733277631803698,69.3115311772424,-11.521138502892569,transformare,9.0,4.8,4.3
2.0,38.0037697822264,45.18950226517018,-14.625745510083306,transformare,7.0,8.8,3.3
1.0,-9.68543760286686,70.75696495185547,-55.50996199628683,convergenta,5.0,7.4,1.5
6.0,-162.7238630172392,67.32205194089428,34.50155069815733,convergenta,5.0,1.8,3.8
25.0,87.03752193307749,71.42106312435168,10.471813303154867,transformare,8.0,7.1,5.2
3.0,91.66053957674251,27.058604282709016,-30.046399298558086,divergenta,8.0,6.9,2.5
16.0,-7.738228431377129,72.07187391608679,28.460189622579733,divergenta,5.0,,4.1
4.0,,49.39616956195506,-21.471809820117258,convergenta,4.0,8.4,2.0
29.0,5.732663664226191,42.599358040422885,-29.772088168053784,convergenta,5.0,5.0,2.3
15.0,-259.2482081284087,60.761332243868125,-16.381921684037977,divergenta,8.0,3.3,4.0
6.0,135.72089958566426,1.9222814644513475,-70.78553087682941,divergenta,7.0,4.9,2.0
12.0,-37.08807535024413,9.20851342988348,94.37477646227899,transformare,3.0,7.8,6.4
20.0,-153.23713295930716,26.29596286507698,-18.071063032784963,divergenta,8.0,3.4,3.5
25.0,-59.14416310773943,88.46910989620557,-32.69479565684151,divergenta,5.0,8.4,1.9
7.0,7.16685598444593,12.577120097845949,15.54442080197093,transformare,2.0,2.0,4.5
21.0,97.6765748907433,29.75366706832893,-72.05485239638459,convergenta,3.0,,2.5
7.0,514.8098215925173,4.5947758222731245,85.66175250714386,convergenta,7.0,6.0,4.4
29.0,-63.9927774455006,29.814199226345366,222.43222404992935,convergenta,5.0,5.3,7.5
,,28.829365785974844,-21.291125969457667,transformare,3.0,6.5,3.3
7.0,294.4914805769228,85.212645385007,-11.58828560931822,transformare,8.0,1.8,4.8
3.0,65.04169842677572,76.06386782961484,,convergenta,4.0,3.5,6.7
29.0,-44.97331744699286,34.448779731849434,25.184373123393687,transformare,1.0,6.8,3.8
29.0,148.88429326052193,2.22921522353238,44.51338688789188,convergenta,8.0,4.1,3.4
7.0,289.4939164712708,74.79280025958404,1.99800632831478,divergenta,2.0,3.8,3.8
6.0,151.18515058726553,59.44825594300861,98.5099818004413,transformare,3.0,7.6,5.4
28.0,272.2812194105324,13.712803528617876,-68.75249679769766,convergenta,9.0,7.5,2.3
6.0,-196.0389224079517,89.64641439091685,142.97825795390628,convergenta,5.0,7.1,5.3
14.0,337.27562436252566,9.021009368171075,140.75558760872872,convergenta,1.0,6.2,5.7
10.0,-47.23267893440911,78.04030874342966,72.07713622007589,divergenta,8.0,8.7,5.3
5.0,-151.50416682730753,26.483954771672007,139.3589608232955,convergenta,9.0,1.7,6.3
23.0,110.19417625709926,39.18181196926413,-2.3960738177108567,divergenta,5.0,2.6,4.0
14.0,165.48051952273383,71.59108740986832,35.645373124486824,convergenta,9.0,4.9,3.5
22.0,76.38737883445862,60.97575203946092,110.48861448754009,convergenta,6.0,3.6,5.6
28.0,138.2688175329772,84.40779369996352,22.14789058553055,transformare,2.0,3.7,4.8
18.0,-141.6156135717772,55.90262929143449,118.25305730760422,convergenta,2.0,8.9,4.6
4.0,79.19024108236563,8.802914533114748,4.003408330689986,convergenta,8.0,1.8,3.1
14.0,23.28507308073116,79.59243269177553,148.4507744051952,transformare,9.0,1.7,8.7
20.0,-122.9155757695131,69.22399724897319,65.7947430981684,transformare,4.0,8.5,5.1
27.0,-85.24019600262442,64.06834058039898,136.8099838111804,convergenta,9.0,2.7,6.9
9.0,-199.00705660006034,4.836019261836183,-42.402336272613326,transformare,5.0,1.8,3.5
26.0,-154.47469429967614,35.66004701955696,-12.88419328895035,divergenta,9.0,4.9,3.9
22.0,146.3188764897541,15.06922375135853,252.9491379920387,convergenta,8.0,8.1,7.7
14.0,161.209700076768,73.9713517567082,82.97996286542562,divergenta,7.0,3.8,6.0
6.0,-198.77177324484012,63.04757605360765,-22.37309529733018,convergenta,5.0,8.5,1.9
,118.92131487951688,79.47698375872217,103.08889777029822,transformare,2.0,8.0,6.2
17.0,383.6037797281568,86.99175962317476,-191.63971221760528,transformare,6.0,3.6,1.9
26.0,81.16683170208776,,185.73234900673586,convergenta,3.0,4.8,6.5
,-329.40894986455834,89.4809774898686,75.81759014239802,convergenta,3.0,8.4,3.1
24.0,1.053322883159031,55.329289752986895,-92.23221547148927,divergenta,5.0,2.4,2.0
6.0,-178.10669376974573,3.341664350230303,77.48255464645405,convergenta,5.0,2.0,4.6
2.0,-204.14111865469582,1.2826363635266291,-125.68224772398389,convergenta,3.0,2.9,2.2
6.0,-21.91799805599077,30.789348768340982,52.390432067351725,transformare,6.0,3.2,7.1
7.0,204.77682007842358,74.11245471607835,48.20757190726384,divergenta,3.0,2.8,5.0
13.0,101.17068007834196,77.95212356922579,159.02144519086653,transformare,3.0,1.7,8.0
27.0,-30.5873989698378,86.473127594041,-109.97034089412497,convergenta,6.0,6.9,2.2
11.0,51.47197012719764,5.860932169393656,80.75886270247759,divergenta,6.0,2.7,5.3
28.0,-266.89319256286717,4.011399988889767,-39.44133545831751,divergenta,4.0,4.9,2.7
23.0,295.90672822066875,82.19552367303304,205.96311282715166,divergenta,6.0,2.4,9.0
15.0,189.79884197588325,27.45420285265754,-103.69667041794352,transformare,1.0,4.2,2.4
9.0,185.65580055873738,50.21886605486694,95.51205167856841,transformare,4.0,4.5,6.4
8.0,40.6852974765647,88.42003947006388,14.219174912842071,convergenta,7.0,8.3,2.2
14.0,225.94804373967358,36.0403681262331,-11.724078776417457,convergenta,1.0,6.8,2.0
6.0,-23.619719078746403,59.92842584788559,123.84935849543005,convergenta,3.0,8.3,4.7
16.0,64.66587926011958,36.079160726878676,23.080912073257704,transformare,6.0,5.2,5.0
28.0,-133.94385142047562,69.13751980165017,211.377688595426,transformare,7.0,2.8,9.4
11.0,-238.04220067217167,47.49432530155792,37.15422358605281,convergenta,6.0,4.6,3.5
4.0,13.559194551035658,21.377082418771476,174.85461875309687,transformare,8.0,6.0,8.6
11.0,-2.503815483655497,24.41754911326196,90.08810831618763,divergenta,8.0,5.6,5.8
19.0,7.329286967723465,23.225329128456654,5.473025917311247,convergenta,8.0,8.2,1.8
26.0,166.46987040512306,47.90882954327047,33.286933670474184,divergenta,9.0,5.9,3.8
28.0,50.75227652184213,63.28701144140979,42.52300186299256,transformare,2.0,3.4,6.1
26.0,-184.09095102062975,85.43519100388279,189.95402750643714,transformare,1.0,8.6,8.0
4.0,3.1994719098055406,62.467863757468194,58.98264478895149,,9.0,2.8,6.9
,-89.60435084318185,70.30735595661515,-50.50146585262587,convergenta,3.0,5.1,1.8
19.0,,15.203350427810907,99.97982869276883,convergenta,8.0,8.2,3.9
6.0,-70.5158076271093,33.66563625065931,94.47457555953356,convergenta,6.0,6.8,4.3
27.0,173.38654705175375,37.240219787243944,16.088219898782164,transformare,3.0,5.5,4.3
5.0,-426.7525880024456,61.77422070004257,-13.303266398725555,divergenta,9.0,6.7,2.8
18.0,383.7937505629436,26.630277873918622,-147.115127980869,transformare,7.0,4.8,1.5
6.0,-75.11125470598286,27.296272927769948,-5.376641152262671,transformare,8.0,4.5,4.4
25.0,106.61835727529306,32.03002391767813,36.54254509429561,divergenta,6.0,6.2,3.8
4.0,1.313904380179371,72.9271873388909,85.96121231792038,divergenta,2.0,7.0,5.6
6.0,-358.984287443888,51.98310810390139,233.57798201656968,divergenta,6.0,8.5,7.9
9.0,-283.3793249977529,6.774955184946102,,divergenta,5.0,7.8,2.5
5.0,-93.62376180599401,7.042148972142193,143.78221133348637,,3.0,8.7,4.5
27.0,-196.7327651794855,33.41582498542494,-77.3640171196219,transformare,3.0,2.4,2.9
18.0,-405.26290404916205,68.99319455455425,11.42570553688575,transformare,3.0,8.9,3.5
24.0,2.7362306386536086,61.98150838308125,232.44065203514586,transformare,7.0,3.0,9.2
25.0,-150.4362449063535,,-45.465621944510204,transformare,2.0,2.1,4.0
,-75.86789876036522,,66.01472779711717,transformare,4.0,6.4,5.6
19.0,-190.1339018560741,25.843744159769642,93.56843250743512,convergenta,7.0,,4.6
2.0,-87.58775339463402,49.34306537478792,-202.98583716260939,transformare,8.0,8.8,1.9
15.0,282.3201405020604,48.90173762850926,126.10718602433204,transformare,9.0,7.3,7.8
18.0,111.062832102317,,44.36935935849383,divergenta,4.0,4.4,4.1
8.0,155.79721928319924,86.11835121950817,-46.878511087157875,transformare,2.0,6.0,2.8
22.0,,25.01909503159193,77.18227241767576,divergenta,9.0,6.1,5.3
12.0,123.5249885626068,71.39535054813433,-64.06822104290106,transformare,4.0,7.2,2.2
15.0,-108.62026449262449,59.39734936709362,-30.24750692007646,transformare,8.0,5.9,3.8
17.0,185.32302453944385,52.22140837771141,-108.1273204160108,convergenta,6.0,4.4,2.3
21.0,-195.329189965485,69.73918014126617,67.77849619435624,transformare,5.0,6.6,5.9
,-302.8493267941906,84.96292197852894,35.08591275817418,transformare,7.0,3.3,6.3
18.0,-159.70153101093456,3.3022276082471693,102.16063080601353,convergenta,5.0,4.1,5.2
13.0,-35.858876146294534,13.26600922618986,,transformare,4.0,2.0,7.5
23.0,-166.37433525233115,68.06585083510042,58.5645774617944,convergenta,6.0,7.6,3.7
15.0,7.880949172269262,7.541221761907609,-16.84874931639561,convergenta,8.0,2.0,2.0
23.0,-316.66352157728056,,4.838155377407567,transformare,3.0,3.7,5.1
1.0,-73.98745861826805,19.78746989774463,18.53323553195937,,9.0,8.4,4.0
3.0,76.65547310822454,24.686613345847633,-16.41707198288816,transformare,,5.7,3.8
20.0,-93.20904971313642,63.165643464997466,114.84989502043298,transformare,8.0,3.1,8.2
24.0,-133.53555049859088,2.7173495941840455,393.480755280266,convergenta,4.0,8.9,9.1
29.0,81.06466651029392,78.59874851117132,60.68359154660267,transformare,1.0,8.1,4.7
26.0,218.02571697708618,40.0031059817043,45.97718432395202,transformare,3.0,2.0,6.1
15.0,98.94313047436421,,-99.04231009551114,convergenta,9.0,3.2,1.5
19.0,-40.608992554958654,48.604316732432274,28.35219232068691,convergenta,6.0,6.3,3.1
12.0,27.22391628777615,58.098986512154454,147.53594881692348,divergenta,2.0,3.0,7.4
21.0,,31.03709279604733,49.17985570165235,convergenta,7.0,5.5,3.5
10.0,175.98338702233363,9.09967415071422,,divergenta,9.0,2.7,7.2
15.0,4.538158468811118,28.65410429995589,-123.89237699460423,convergenta,2.0,6.5,1.9
1.0,,15.132790622053827,-8.698946855220193,divergenta,4.0,5.5,3.1
13.0,94.12191295633826,50.05198615054265,25.94988330058288,transformare,8.0,8.8,4.3
,-7.873099525287024,,-2.864671585237957,transformare,1.0,2.5,4.0
10.0,49.622061445498346,86.22604601940914,188.91154520988087,transformare,,5.5,8.3
19.0,250.524453471098,86.91608501822526,107.33848924745699,convergenta,1.0,3.8,5.3
5.0,165.59849468632657,55.811329251141736,209.06095949104343,transformare,6.0,6.1,9.1
8.0,-81.24701898723883,55.574754090055734,75.14462370645266,divergenta,,3.0,6.0
4.0,-159.6702231875059,88.68407081103953,77.97585524569251,convergenta,6.0,8.4,4.2
17.0,-17.46924369865419,79.85548361116673,-65.02522571402318,convergenta,7.0,,1.9
13.0,191.95957270522882,68.8562954242326,23.301443567314976,transformare,8.0,4.7,4.9
6.0,-23.272290415945374,,86.21812994055782,convergenta,1.0,7.4,3.2
21.0,-54.85307523840021,32.898512530626874,124.41961824387842,divergenta,8.0,8.3,6.0
14.0,-5.841404940129279,18.11400891847789,-31.578588045729447,convergenta,8.0,5.2,2.3
17.0,,43.843331422563715,-8.99216856870261,transformare,5.0,7.3,3.6
14.0,211.12908504677236,89.13316699256217,123.06464887952208,convergenta,9.0,2.6,6.5
19.0,469.4986824226888,,163.57264745737885,transformare,9.0,3.4,8.7
20.0,-7.003070566378138,10.651449061752217,-95.17075424751985,convergenta,5.0,6.7,2.3
18.0,127.94653058322125,2.2671260361455534,215.02858220669455,transformare,4.0,8.5,9.2
8.0,85.42401112688128,80.87739015674396,,transformare,4.0,2.4,2.5
27.0,356.2770674962688,48.34531151538367,205.25021853159365,divergenta,2.0,2.5,8.9
18.0,-116.31522336477569,18.017089938761057,47.97465504915689,transformare,7.0,8.8,5.0
15.0,42.025873783702735,60.62879426261718,202.30866461312723,divergenta,3.0,2.2,8.9
4.0,281.5415580336911,57.980086013683795,,convergenta,5.0,1.8,7.3
,-54.34059783903238,10.987704615282047,5.016472394599646,convergenta,7.0,5.5,2.7
21.0,-205.10508788424804,23.364021014785756,45.20506464507644,transformare,3.0,3.2,6.2
11.0,40.45248172744778,5.407016788193216,13.574919181849687,divergenta,6.0,3.7,4.5
2.0,-90.41983620959213,18.887442648312774,33.23438348569283,convergenta,9.0,6.1,3.8
24.0,247.61554698849793,11.90751073677566,165.24327979817267,convergenta,9.0,4.1,7.4
21.0,-323.76451362718456,17.39126632271005,29.48459342961903,,6.0,9.0,3.0
17.0,70.69199158479158,61.69204313218053,217.43542835979352,divergenta,1.0,3.2,8.7
11.0,-337.22114734383746,4.454976983496096,142.33662271442637,convergenta,5.0,8.0,5.4
19.0,190.52577568898712,9.166915372339483,-9.709670289118534,convergenta,9.0,8.1,2.7
29.0,-159.30640760669593,12.075627427045887,-28.25745694499068,transformare,3.0,4.8,3.3
27.0,-96.51461468021415,28.488700886232063,78.41992650585112,transformare,6.0,9.0,6.2
24.0,36.24679158926404,26.887527976674683,22.06281469066984,transformare,1.0,3.6,4.9
21.0,-126.16822736872986,22.95574067849755,98.3238218878902,transformare,5.0,2.2,7.1
17.0,-188.13397798838875,67.54829880891747,-120.33119532296462,convergenta,4.0,5.8,1.6
3.0,11.32809763847655,89.82205089822905,-81.81492685996153,divergenta,8.0,1.6,1.9
7.0,392.58766358698557,48.058013126591625,-68.42712543408062,divergenta,3.0,5.1,1.7
10.0,,84.97824461225478,147.5993301944781,convergenta,3.0,7.8,5.4
3.0,106.56653319375837,35.69491009134582,-115.49438728654158,transformare,1.0,4.6,1.6
21.0,,9.601420212244209,158.0409227622659,transformare,1.0,3.0,8.3
13.0,332.42976509675765,36.78964465228536,-23.97819060989329,convergenta,9.0,3.4,2.7
10.0,103.60276965309939,26.6514996073224,23.198720430869006,divergenta,7.0,8.4,3.4
26.0,,44.40662660602603,-12.612224301002598,convergenta,3.0,6.5,1.9
29.0,226.27754678728874,59.133930922478086,150.03531252956674,transformare,6.0,2.7,8.6
22.0,-100.14175147737639,41.494519723716735,214.43155987998279,convergenta,2.0,5.0,7.4
5.0,46.62649836773119,84.16444608700431,33.95810717106643,convergenta,8.0,6.1,3.0
27.0,-476.9263699870466,79.62883400694419,-50.84325016205233,convergenta,5.0,5.3,2.1
5.0,-47.07948815224426,,149.67470417919503,convergenta,1.0,7.4,4.9
10.0,259.65616875687357,,-94.2005908218284,transformare,4.0,1.5,3.2
11.0,239.44808211311718,11.85185536330112,87.85003243782083,transformare,6.0,3.6,7.4
13.0,-332.347851538413,35.731230009987,-32.13494043419864,divergenta,7.0,5.8,2.6
9.0,194.30507196405563,63.39613854610563,-124.98746097367089,convergenta,6.0,5.5,1.8
2.0,216.85798445323914,25.639696849835804,21.885508492291844,convergenta,6.0,2.3,3.0
6.0,-1.5537034690932618,9.358926978907839,-24.74105181087674,transformare,2.0,2.8,3.5
8.0,3.3249464999196223,81.71086117595654,109.25923860652408,convergenta,1.0,7.1,4.3
1.0,83.92834256589445,63.81457288339901,47.59249297337116,convergenta,8.0,5.5,4.6
27.0,-41.891140410196954,55.374878397158746,163.93513461750533,convergenta,4.0,6.3,6.8
2.0,-104.79916697809122,71.3249015048025,-51.84687856445369,divergenta,4.0,7.6,1.9
27.0,105.73970116948004,75.20814338251282,54.41917816527771,convergenta,2.0,5.9,3.5
4.0,283.63760892414734,43.5113098353921,18.766150359278306,convergenta,5.0,3.9,2.8
26.0,80.84158180574572,79.3069426268496,-23.702996890476413,transformare,9.0,5.4,3.4
19.0,-156.2634328993866,82.47771096309948,240.0306522089141,divergenta,6.0,2.5,9.0
,-349.9821095271017,24.439598588230325,65.35463631216132,transformare,9.0,3.5,6.3
19.0,-193.37960936745074,54.67908238117148,178.18730528485364,transformare,7.0,6.4,9.5
,443.2814806460285,47.39256259384223,49.71790482862027,convergenta,8.0,1.8,4.3
29.0,-342.1118589795486,48.41512012367122,19.298536989422733,convergenta,6.0,1.5,4.0
9.0,-137.68734123109013,84.38967845681059,42.023439269378336,transformare,1.0,8.2,3.8
19.0,241.78454411303764,27.46698324237261,,divergenta,5.0,8.7,1.8
26.0,95.64549128139613,88.50905804111186,35.521247257468204,convergenta,4.0,8.3,2.3
25.0,218.4569167708674,81.19180933238088,9.097064862271495,transformare,9.0,3.1,5.0
8.0,151.2703581053671,,105.46254929452654,transformare,6.0,7.2,6.0
,48.277155892065196,73.57079372563496,-58.92668871515055,transformare,7.0,4.9,3.2
28.0,8.819596945826058,69.21422948881265,-146.28135883361543,convergenta,6.0,2.0,1.9
29.0,-203.0910185037615,61.010547265666915,-70.24013500939408,transformare,6.0,7.5,1.4
,-0.30069953529984755,28.785050044483885,230.56410095836546,divergenta,1.0,7.6,8.3
19.0,160.05338340759914,17.680589263885853,3.211857977828508,transformare,1.0,6.9,3.3
4.0,292.1024930353005,60.437492708918235,125.60165958799068,divergenta,8.0,9.0,5.9
13.0,205.67652488881652,75.86759667609758,237.53142184886258,transformare,8.0,8.9,8.8
20.0,405.58561299687403,1.462750980963271,40.25279832226636,convergenta,9.0,2.8,3.8
14.0,96.35878651907618,57.85230377776608,-141.68339090210898,convergenta,3.0,7.5,2.0
,-264.37231805439166,39.85857221599912,97.29431055379092,convergenta,2.0,6.4,4.0
1.0,-244.8772385722591,80.82789796142852,63.87370305499549,convergenta,8.0,6.9,4.2
,102.95653642889067,28.932563776878474,-68.72198489392657,convergenta,,8.9,1.6
4.0,-549.7794858849035,42.676633103725955,-79.11611576129141,convergenta,1.0,7.8,2.4
7.0,-330.2235940423432,46.32903936316677,65.84362713576914,transformare,1.0,4.4,5.1
28.0,,12.639556923394768,-4.466636705476276,convergenta,7.0,8.5,1.8
4.0,-38.363986911888595,64.16030724290157,80.31295849722764,convergenta,6.0,8.1,3.2
26.0,289.4602024850946,74.74287106088636,25.979643568970133,convergenta,6.0,6.8,3.0
7.0,,5.211834920663422,202.77145577287868,convergenta,8.0,8.5,7.5
20.0,21.732777424023404,26.224993848321247,,transformare,1.0,5.0,5.4
3.0,,3.424021338155212,113.36122556203037,convergenta,1.0,6.8,4.7
,,86.08896942194181,-39.67169030852659,convergenta,6.0,1.5,2.3
19.0,76.48768098968836,60.04519386334412,50.66122413935867,convergenta,6.0,5.8,3.4
7.0,415.99004643065905,86.77803775093034,-54.54369150094671,convergenta,2.0,6.9,1.9
21.0,-133.77447899809238,47.8344850498177,55.1557976106698,convergenta,6.0,4.4,4.3
12.0,103.40693468575262,,23.735972048320864,transformare,2.0,8.0,3.8
23.0,-126.9503944478321,,-75.57295211522788,convergenta,6.0,5.1,1.7
1.0,-370.1664619283366,31.84371293153768,135.4526495741828,convergenta,8.0,3.6,6.5
5.0,-71.7815388986172,34.04410353946194,-152.45531894400725,convergenta,5.0,5.6,2.0
14.0,-31.235070426686192,59.20759203537854,1.6751156796493234,convergenta,8.0,8.3,1.5
10.0,-177.57365008301548,32.3507835919487,51.13797868793966,transformare,3.0,6.6,5.6
3.0,-124.0948340613061,81.0330706443803,33.882947311237785,transformare,1.0,8.6,3.7
2.0,48.90316256327489,88.49473785451397,-7.4058553497322706,divergenta,4.0,4.9,3.6
13.0,157.16568175550782,2.7383863803305317,34.100116245705735,convergenta,9.0,6.4,3.6
16.0,-90.61385860771375,17.426096136224682,-10.836803758382132,convergenta,3.0,6.2,2.1
23.0,-209.24957670916908,10.10249933286474,-20.665916119712733,divergenta,3.0,3.3,3.0
2.0,104.17406765937432,,-8.448751709823362,transformare,1.0,7.1,3.9
24.0,-153.4297440342387,20.496689401255782,-45.764152466653144,convergenta,4.0,2.0,2.1
13.0,-101.95772276019127,40.2113988332173,25.984348995070196,divergenta,1.0,5.8,3.1
6.0,-19.37583064176196,75.32913287598154,-33.95977497615445,transformare,,2.8,4.5
7.0,-190.12865888524516,19.96416274589965,-143.84229121259253,transformare,4.0,,1.7
2.0,136.23234005277757,44.45507300959812,-61.021026320425946,divergenta,8.0,8.8,2.1
11.0,-20.95657776156787,83.6656865502079,-52.617062355712775,convergenta,2.0,4.4,1.9
7.0,-210.17982635709944,60.04932361080074,-58.604316690575914,convergenta,6.0,5.4,2.1
7.0,-30.457287390835305,71.82711177803978,69.92404621326173,convergenta,6.0,6.5,3.6
7.0,169.39855661325888,49.58945731669376,3.979953447783643,transformare,8.0,5.2,4.9
7.0,422.46851609527755,88.2419812956567,34.519906432398,convergenta,1.0,6.9,2.3
12.0,78.10373472693834,52.97959392133268,-37.93689706003043,convergenta,4.0,1.7,2.3
19.0,-228.61010010848366,4.095964256633239,22.439006658092175,convergenta,4.0,6.6,2.0
22.0,-214.8961753525419,17.818451994581537,248.6389027037959,transformare,7.0,3.9,9.0
19.0,-131.23035368909697,36.429626606143316,136.71604732893314,transformare,1.0,8.1,6.8
19.0,-336.16520930775505,54.11494553163987,81.36864067635221,transformare,2.0,2.6,7.2
20.0,16.780951031163738,69.47377806680639,148.5600027999319,transformare,8.0,1.7,8.5
3.0,71.61059443070373,37.17775133134977,,transformare,7.0,2.0,5.2
13.0,-52.40071414362837,63.90524745141198,100.41411527967489,divergenta,9.0,5.4,6.1
10.0,-87.13969353778259,71.08825527982124,55.499823122990676,convergenta,8.0,3.1,4.9
20.0,-136.71546636941613,28.55341775249845,-115.44680364443605,divergenta,3.0,7.1,2.1
9.0,-265.1439963040526,88.13432160322367,70.5391558976978,transformare,7.0,1.9,6.6
6.0,-133.3694099575115,58.4690845712252,99.27268096965632,convergenta,2.0,3.3,5.4
21.0,118.56574535713531,79.28982547075181,122.22872494211965,divergenta,9.0,7.7,6.4
22.0,-126.49936200168915,50.0343919927746,243.99594737825063,convergenta,5.0,1.8,8.4
12.0,-134.18030038319066,66.74427964370913,-136.5970758628498,divergenta,6.0,7.4,1.8
2.0,-59.208852628779795,69.34896554547288,-1.9467072580957918,convergenta,9.0,2.3,3.2
12.0,-190.40004904016232,81.74235413111211,120.42503711547779,convergenta,3.0,7.8,4.9
16.0,20.790925992399945,13.531478118423328,199.46226148957095,convergenta,2.0,7.4,6.5
13.0,152.50941848968225,50.24550817523236,-79.10711547604026,transformare,,3.1,2.5
16.0,-56.90958299007384,38.55406617952706,-53.80681301042314,divergenta,2.0,4.5,1.7
13.0,254.58561450005146,,60.6286545328593,convergenta,4.0,4.9,2.9
22.0,-251.37676691901663,9.458522482409927,284.6720607580663,convergenta,9.0,4.5,8.4
,-203.9223989170878,88.43164998128215,-9.922001058594823,divergenta,9.0,3.1,3.5
19.0,,78.79061916839666,-30.05134755941384,convergenta,8.0,3.2,2.0
26.0,168.9360944775039,,15.031169541547357,transformare,5.0,6.7,5.3
,70.73247257431292,44.1869746986427,100.76363180544057,divergenta,8.0,2.6,6.6
29.0,39.06849503558664,64.58035501912732,107.87512990184106,transformare,2.0,3.6,7.2
13.0,-62.648103336824576,66.43363911219508,11.164976867475474,convergenta,4.0,2.0,3.5
10.0,139.6624145910252,81.58447127141288,-111.75862348371697,transformare,1.0,3.1,1.8
22.0,72.4522042207579,71.98788920240798,-1.1335653425555066,transformare,1.0,1.8,4.9
7.0,-56.19356226227058,27.983734230968054,21.894985465652855,divergenta,4.0,6.7,3.6
5.0,-114.49797021148655,44.859130727620716,62.07525977971733,transformare,9.0,4.5,6.8
17.0,119.0632238308031,63.16071866422686,49.02317864940144,divergenta,4.0,4.3,4.4
9.0,77.85327515612276,12.459315722791628,106.80447669476676,divergenta,2.0,5.1,5.2
