zi,longitudine,latitudine,adancime epicentru,tip placa,replici,magnitudine ultimul
5.0,0.47885652891632535,0.3780005848422434,0.17769301143115288,0,0.5,0.5466666666666666
29.0,0.7214077656012121,0.28991585778378365,0.3449997237899458,2,0.0,0.9866666666666668
6.0,0.6325416714748703,0.7090123115917409,0.3919215532793709,0,0.75,0.49333333333333335
21.0,0.7031222529557764,0.6215778148196703,0.691780893200179,1,0.875,0.27999999999999997
28.0,0.42448128854145106,0.367200125873376,0.6921713992528674,0,0.375,0.026666666666666644
4.0,0.570970112528621,0.6056125630711121,0.5783304007648703,1,0.75,0.76
10.0,0.7565756472130537,0.8164771257560898,0.4219313410705388,0,1.0,0.0
11.0,0.542976109806879,0.9852892537103283,0.5238145172186269,1,0.75,0.49333333333333335
11.0,0.46011804125514055,0.9273496578542898,0.5515318822336457,2,1.0,0.6533333333333333
11.0,0.5954188911856474,0.7087470467467096,0.6538180984107039,2,0.625,0.09333333333333332
14.0,0.3441175745369175,0.4246210662654804,0.4774375456955848,0,0.375,0.16000000000000003
26.0,0.4097585852734421,0.510402878552192,0.35453231904301663,0,0.125,0.9066666666666667
29.0,0.27000684779771894,0.9385581371600217,0.5583149363586213,1,0.75,0.10666666666666663
12.0,0.6142728679601777,0.5074637794260622,0.4028093145437085,2,0.25,0.8933333333333333
18.0,0.40196267891460213,0.036172125819802455,0.5612039841728538,0,0.5,0.3466666666666666
2.0,0.5011449165831411,0.9196395720716635,0.4235086259266748,0,0.125,0.8799999999999999
4.0,0.5935370227589735,0.510402878552192,0.5346316110427725,2,0.25,0.5066666666666666
4.0,0.4787186195886122,0.15871730808999474,0.27621028472174913,2,1.0,0.6133333333333333
18.0,0.5316458336876271,0.39497853058619126,0.6483987190438837,2,0.75,0.72
17.0,0.542976109806879,0.5734866635540483,0.7005655340757954,0,1.0,0.7866666666666666
10.0,0.38633192178957965,0.3591720348349004,0.48435197641420663,2,0.25,0.6799999999999999
2.0,0.44997967758867297,0.7925373472744816,0.3292327750393235,1,0.375,0.8133333333333332
18.0,0.5200291411748678,0.7193735536553468,0.22616659368875658,0,0.25,0.3066666666666666
20.0,0.46011626560537,0.70181202495669,0.580316974019037,2,0.875,0.21333333333333332
27.0,0.48225159142934204,0.6385340593183578,0.3818528082484418,2,0.375,0.4266666666666667
12.0,0.5091990473587844,0.10184595084835375,0.5494766726045,2,0.25,0.8400000000000001
22.0,0.6093570182147232,0.4234726516935403,0.3132745043665268,0,0.625,0.8400000000000001
29.0,0.6310782656703402,0.3923121093282198,0.6208990611684725,1,0.625,0.17333333333333328
27.0,0.475717765966368,0.2210134537948137,0.5354142903530985,2,0.75,0.14666666666666667
15.0,0.5849207030911394,0.510402878552192,0.5858129154729644,0,0.625,0.23999999999999994
1.0,0.5019148615814837,0.510402878552192,0.4830703415626055,2,0.375,0.76
16.0,0.1366245450595513,0.09632902002727993,0.3309452570416836,2,0.375,0.49142272262026604
26.0,0.4227679058071907,0.10653673407609122,0.35055430567220486,2,0.25,0.6000000000000001
20.0,0.8963565455986426,0.015718414331304966,0.4679563573863853,0,1.0,0.17333333333333328
19.0,0.48878462852802,0.6266225742644405,0.49344549931987924,0,0.875,0.7466666666666666
1.0,0.5342558056905606,0.029426058394201985,0.5529750849431816,1,0.625,0.22666666666666668
10.0,0.6637830655637972,0.9066166875008432,0.23899172142427033,2,0.0,0.21333333333333332
14.695057833859096,0.542976109806879,0.3200162974009336,0.3752568611661618,2,0.25,0.6666666666666667
16.0,0.6260454805214681,0.3989706144176058,0.47923943640150063,0,0.25,0.23999999999999994
20.0,0.37070585269629164,0.486084553756236,0.6610216761378728,0,0.5,0.3066666666666666
5.0,0.4761912637699068,0.8603991604128615,0.49003256360851777,2,1.0,0.17333333333333328
3.0,0.6086778933379335,0.27395174734261246,0.38259832263949073,2,0.625,0.56
17.0,0.3657374077392251,0.510402878552192,0.6461420772634022,0,0.625,0.7333333333333334
15.0,0.545604889790277,0.31806751054661514,0.22071546019029387,0,0.125,0.6666666666666667
8.0,0.3895516272084557,0.3570642092084511,0.4093477379980937,1,0.625,0.8400000000000001
26.0,0.625286352618417,0.9836133167940463,0.4608295385314812,0,0.375,0.9066666666666667
22.0,0.5833641299012488,0.8029394836247279,0.5819464130776606,2,0.875,0.49333333333333335
19.0,0.7968586708996017,0.510402878552192,0.31510708263034537,0,0.375,0.3333333333333333
6.0,0.5945347532781389,0.923440275312876,0.3634985165496908,2,0.625,0.9333333333333333
8.0,0.2516304957474029,0.21106446703314227,0.2996224248811739,0,0.5,0.6533333333333333
9.0,0.6142170419940864,0.7452365226949647,0.5464120838400739,1,0.125,0.6133333333333333
10.0,0.560548280093905,0.8268690277619682,0.4410479083221501,1,0.0,0.32
13.0,0.4936866862925092,0.4411007671577785,0.4009602047752772,0,0.0,0.8133333333333332
29.0,0.6263190678369744,0.8055104452615132,0.716650371034441,2,0.875,0.026666666666666644
10.0,0.5003266895754579,0.8672080444441764,0.5158912286936708,1,0.875,0.96
11.0,0.6057212451363944,0.38814436479545306,0.5758045971075985,2,0.75,0.3466666666666666
24.0,0.8554533633355579,0.9224822431105197,0.5571587774262245,1,0.625,0.5333333333333332
7.0,0.542976109806879,0.05740564216089318,0.7127473395253765,0,0.875,0.9333333333333333
26.0,0.6126234775297217,0.510402878552192,0.6870824728233933,0,0.25,0.44
20.0,0.7001433567779769,0.982426240513458,0.706810657807835,0,0.625,0.39999999999999997
21.0,0.6195206426076704,0.8536895768074639,0.3174503509281127,0,0.25,0.7866666666666666
13.0,0.3748632503787168,0.6567002356160275,0.2640258855580505,0,0.75,0.0
28.0,0.2607887652011091,0.24153384316737067,0.6074151669794229,1,0.875,0.12
26.0,0.6872285691036943,0.5321667761070379,0.45746414143833225,1,1.0,0.5866666666666667
14.0,0.6191474939582894,0.7298198301268115,0.25130078256836375,1,0.625,0.4266666666666667
1.0,0.4295651900772253,0.47745260521859967,0.3017503132986058,0,0.125,0.49142272262026604
14.0,0.6826987387899663,0.9281145811238364,0.47923943640150063,2,0.875,0.9866666666666668
16.0,0.3569392437068811,0.4266730183572103,0.5752486731365487,0,0.25,0.05333333333333329
25.0,0.3700560844194156,0.9486938905650436,0.43320775442975734,1,0.625,0.22666666666666668
28.0,0.3979104078424719,0.510402878552192,0.7720027634226408,2,0.0,0.09333333333333332
17.0,0.6034622985370934,0.685426605533723,0.7348347004962298,1,0.0,0.22666666666666668
22.0,0.6409774940657599,0.9752678649456502,0.47923943640150063,2,0.75,0.6266666666666667
18.0,0.18719742551811885,0.7666103740644319,0.424536035893208,2,0.25,0.9866666666666668
4.0,0.5695149249216747,0.510402878552192,0.5319560053873718,2,1.0,0.4533333333333333
19.0,0.7429631887671085,0.510402878552192,0.6936682209191598,0,0.25,0.9200000000000002
8.0,0.4840844038201065,0.40478813381854517,0.4529798653318596,1,0.375,0.2
26.0,0.6926501715910154,0.4466603604941955,0.47923943640150063,1,0.375,0.1333333333333333
16.0,0.7241988588327742,0.2500366216559096,0.6128479362571677,2,0.5,0.026666666666666644
6.0,0.5887671768724917,0.3676527178938628,0.7313529490401066,2,0.5,0.4799999999999999
18.0,0.6361757638229542,0.314259060584071,0.67770427265001,2,0.75,0.7333333333333334
9.0,0.5423079556797057,0.8928195526870899,0.5599016926432001,1,0.625,0.6266666666666667
19.0,0.542976109806879,0.16850440388737342,0.5579191878329985,0,0.875,0.8933333333333333
4.0,0.542976109806879,0.4328506625605723,0.7395285210442729,0,0.5,0.08000000000000002
1.0,0.21789238455070536,0.3535337587956756,0.6113495249956141,0,0.875,0.27999999999999997
19.0,0.25743963307184886,0.10931910362732461,0.42671441397919546,0,0.125,0.21333333333333332
8.0,0.4705781250102039,0.6174065702130693,0.5205115798968392,1,0.625,0.2
24.0,0.5393619579413305,0.634708383607946,0.4880241631252832,2,0.75,0.72
23.0,0.25025294061418757,0.1693984504526404,0.3696894223543508,2,0.625,0.7733333333333332
16.0,0.9021314279015769,0.5677186648187257,0.35374764185187607,1,0.5,0.36000000000000004
21.0,0.2584750139019269,0.19283251972836807,0.4517369306885856,0,0.625,1.0
5.0,0.5581352879399605,0.8533292449657682,0.47923943640150063,0,0.125,0.22666666666666668
17.0,0.5263574599334719,0.8873915371263781,0.30938311228480553,0,0.75,0.49142272262026604
15.0,0.34712852479860834,0.7510294831717066,0.35150397902897396,0,0.5,0.8666666666666667
28.0,0.6734761151492341,0.09926017547894,0.4502236770991795,0,1.0,0.49333333333333335
17.0,0.40129138887456217,0.11001226768658232,0.21281752143304083,0,0.375,0.6799999999999999
18.0,0.5623449243314496,0.8590901564853093,0.2226821159539784,2,0.75,0.03999999999999998
1.0,0.8312533393675978,0.13987319367031686,0.6306396147914284,1,0.25,0.18666666666666665
20.0,0.6261361055094326,0.9255315351139393,0.2371193206648236,0,0.5,0.013333333333333336
26.0,0.6298335817617154,0.3103120734149306,0.6291715342169736,1,0.5,0.8
17.0,0.45801445418347353,0.879624141339954,0.5730086720142658,0,0.125,0.9200000000000002
12.0,0.5595387344574257,0.11196391302462042,0.5326812389429734,0,0.5,0.17333333333333328
14.695057833859096,0.5490164894864813,0.9920759079169182,0.4384091569056121,0,0.25,0.4266666666666667
19.0,0.5057488390762479,0.6939221350463054,0.43691429197536796,2,0.0,0.5333333333333332
14.695057833859096,0.359961070835654,0.4902354366693819,0.41869737482561875,2,0.75,0.026666666666666644
13.0,0.4463419512143886,0.6396307964715497,0.54277691414676,0,0.25,0.9733333333333334
13.0,0.46606880675508017,0.43803298180470795,0.5947033089291707,0,0.25,0.7333333333333334
13.0,0.5280210644556358,0.5886276913512547,0.1509426638064731,1,0.375,0.6000000000000001
14.695057833859096,0.530601246292083,0.6062091787824567,0.3220731374625463,2,0.5,0.6799999999999999
24.0,0.5997380111363901,0.22738120453511687,0.15737961858850283,2,0.875,0.18666666666666665
8.0,0.8724762914038282,0.4094821874854576,0.46853195812915605,2,0.75,0.38666666666666666
21.0,0.4936619754839892,0.3652624028882126,0.5947312079501622,1,0.875,0.9066666666666667
13.0,0.6171788822806704,0.9294310568470564,0.5023861238532659,2,0.5,0.03999999999999998
2.0,0.5100726831854093,0.9807573654059545,0.5459642916418176,1,0.0,0.4666666666666666
3.0,0.6088158140248614,0.10282801420643554,0.35972366751809226,1,0.625,0.9466666666666665
24.0,0.47832165220220524,0.09813676858160235,0.3113493113366229,1,0.0,0.08000000000000002
5.0,0.48705593169065375,0.2646889115717,0.4277059395835846,0,0.25,0.6266666666666667
1.0,0.6150386643039473,0.7090276725509637,0.4790116484552907,0,0.875,0.5333333333333332
27.0,0.12452135301129147,0.8848713498377823,0.3307444733647978,0,0.5,0.5066666666666666
1.0,0.5504609412913687,0.08088327621491606,0.705602445318479,2,0.375,0.06666666666666665
4.0,0.7971054674945275,0.6714768700358231,0.5965116377549191,1,0.875,1.0
13.0,0.44737680546986913,0.8891696502380227,0.2890756532522045,1,0.625,0.4799999999999999
18.0,0.6387701879103364,0.510402878552192,0.4741568579006076,1,0.375,0.38666666666666666
17.0,0.39306827228914676,0.8484249222144996,0.6009764073762568,1,0.875,0.49333333333333335
14.695057833859096,0.542976109806879,0.9567036003785733,0.34757144665800344,0,0.625,0.0
7.0,0.2858486247230598,0.3479025165659795,0.4702015107257542,0,0.875,0.49142272262026604
27.0,0.542976109806879,0.7574191017573086,0.6163533951882482,1,0.0,0.7466666666666666
1.0,0.18035236066683996,0.19919706250362973,0.49800031727866156,1,1.0,0.14666666666666667
20.0,0.42172291466023254,0.03909838831718766,0.5156520061897821,2,0.25,0.6000000000000001
10.0,0.8191257381240635,0.8883741510017173,0.4696154463874743,2,0.625,0.39999999999999997
22.0,0.6050017609864101,0.7999093132381202,0.4056188463116836,2,0.0,0.03999999999999998
21.0,0.7373406565038767,0.8851285684197905,0.31579080001808885,2,0.5,0.2
25.0,0.624861015332358,0.18548841466332333,0.4577662046763197,0,0.875,0.22666666666666668
20.0,0.38533724764802435,0.23019506759649822,0.4037081912343007,2,0.5,0.6133333333333333
28.0,0.7307558740644695,0.7151246105622673,0.34380981377880204,0,0.0,0.36000000000000004
23.0,0.5684581160897996,0.5110526661566142,0.27408664531685056,0,0.25,0.18666666666666665
5.0,0.6340178338209517,0.2445238231577027,0.5309325030371397,0,0.625,0.2533333333333333
26.0,0.6103593317968952,0.8672607007838014,0.5004119820909019,2,1.0,0.2
12.0,0.6496694517356942,0.7933206920506952,0.31082458440271776,2,0.375,0.76
9.0,0.30974386820653077,0.9794465060441268,0.5135746718162564,2,0.75,0.05333333333333329
15.0,0.4283472531338438,0.01756334428236643,0.32907691298423725,1,0.5,0.8799999999999999
7.0,0.25282597380695293,0.5146005988167539,0.5065021109464762,2,0.0,0.38666666666666666
6.0,0.7070328030652286,0.15554666118909957,0.3892406125801642,0,0.75,0.6133333333333333
21.0,0.4383647071860665,0.1686037674213254,0.46519623500356,0,0.375,0.23999999999999994
19.0,0.6738453443776707,0.2655554795397726,0.4259958956678208,2,0.75,0.03999999999999998
1.0,0.5271335338108086,0.19851174970978064,0.2949649676876708,2,0.25,0.16000000000000003
27.0,0.4564793887916075,0.13301358849966283,0.6828441849327724,1,0.625,0.23999999999999994
22.0,0.3988702249518662,0.664140868880944,0.30672755607367846,1,0.625,0.14666666666666667
15.0,0.21833387966994705,0.6127726386629111,0.48759845528379653,2,0.5,0.7333333333333334
11.0,0.5200809529432967,0.8269254020112137,0.5918115627655814,0,1.0,0.37333333333333324
12.0,0.44442451349151096,0.8563616845108691,0.24100004472534248,2,0.25,0.3333333333333333
24.0,0.6325807861358912,0.05049858091773919,0.3908007647560129,2,0.0,0.4666666666666666
14.695057833859096,0.7391835244742961,0.05056680256398021,0.44801093785295815,2,0.0,0.2533333333333333
25.0,0.21912711054452066,0.9760576355185168,0.36973328685591145,1,1.0,0.06666666666666665
17.0,0.45413313439598335,0.04239148442576393,0.6531925276466894,0,0.5,0.6399999999999999
11.0,0.5394460574723069,0.27095993863814016,0.5430199511298931,1,0.875,0.5466666666666666
14.695057833859096,0.5347501411989475,0.510402878552192,0.40301139677954634,2,0.0,0.1333333333333333
5.0,0.6919964018829223,0.8612120895784484,0.7051991863019433,1,0.375,0.8533333333333335
8.0,0.5481858368775352,0.5347565559010617,0.40004377306871725,2,0.875,0.06666666666666665
21.0,0.3925172522672524,0.3442383326529946,0.6786191315605454,2,0.875,0.56
22.0,0.4540530015313112,0.46084407458366583,0.7303101743469003,0,0.125,0.4666666666666666
27.0,0.4078455214403486,0.42335384734761794,0.3644537943533033,2,0.75,0.14666666666666667
17.0,0.47176888733184097,0.33933530063388856,0.5621754153612073,1,0.5,0.7466666666666666
24.0,0.5153844074163461,0.37797792595220653,0.6247335006688184,2,0.625,0.96
29.0,0.8260181211457482,0.12756897322822155,0.43726415637480515,0,0.625,0.56
8.0,0.6163467594392822,0.8987544331487681,0.47923943640150063,2,0.375,0.12
6.0,0.5402770149027768,0.1035184457798321,0.3700604686517559,2,0.125,0.17333333333333328
26.0,0.4354515368814439,0.9115770953528584,0.4473133531018642,0,0.5,0.36000000000000004
4.0,0.26780109814424913,0.0033168324016299793,0.45456544356260387,2,0.625,0.39999999999999997
26.0,0.6893855013250942,0.510402878552192,0.42996670513828283,2,0.5,0.6933333333333334
29.0,0.6125341249860686,0.8734175095298823,0.49872989451570704,2,0.0,0.8799999999999999
14.695057833859096,0.5442839428683048,0.6941237241300088,0.39866786009779337,0,0.25,0.7866666666666666
14.695057833859096,0.542976109806879,0.06759697946413779,0.44988395742427156,1,0.75,0.3333333333333333
20.0,0.6321325767292304,0.05944216521938676,0.44544004056797587,0,0.0,0.06666666666666665
19.0,0.542976109806879,0.875550978913394,0.36206192539448134,0,0.875,0.22666666666666668
7.0,0.542976109806879,0.9235906168181127,0.3917651966436907,2,0.875,0.9333333333333333
13.0,0.6089337820640166,0.19859141371158678,0.7461975210551276,2,0.25,0.49333333333333335
4.0,0.5525832446309678,0.3496095130399718,0.5193531893918112,0,0.75,0.8799999999999999
20.0,0.40761636975545507,0.2918466040981851,0.3801070265636763,1,0.875,0.2533333333333333
15.0,0.7885499304626997,0.5432072292494394,0.597273078409121,2,1.0,0.7733333333333332
10.0,0.6322457000300279,0.2957999274737507,0.44226894067991485,1,0.75,0.9200000000000002
9.0,0.617010905289507,0.6816966542732176,0.6273950143159288,2,0.375,0.37333333333333324
29.0,0.2424286291427904,0.5377963781945357,0.43639435526227444,0,0.625,0.0
22.0,0.32178453433761844,0.1046258790920951,0.8361087421273773,0,1.0,0.39999999999999997
17.0,0.8026083381535147,0.510402878552192,0.5945634145746205,0,1.0,0.6000000000000001
22.0,0.4440055334857227,0.3732402717008151,0.2866683989488873,0,0.625,0.3066666666666666
23.0,0.6116824167585089,0.012972307337660508,0.3983647879979779,2,0.5,0.4133333333333333
15.0,0.8523084932712254,0.11815668064304868,0.4400878835909993,0,0.25,0.7066666666666666
14.695057833859096,0.49311541110016305,0.8976587214265687,0.47401941058854113,2,0.625,0.8400000000000001
10.0,0.37674790116506696,0.40354434403478606,0.4291841561443102,2,0.75,0.14666666666666667
1.0,0.8480681893793351,0.29050915937334654,0.6284838789892396,0,0.0,0.5333333333333332
22.0,0.4830372862075704,0.40512635276833364,0.6809464934126485,1,0.5,0.8400000000000001
21.0,0.6465474317773733,0.7454017584527918,0.44336854545981896,0,0.25,0.52
1.0,0.0,0.510402878552192,0.5396314307321817,1,0.375,0.9866666666666668
12.0,0.5778841984446148,0.5595490449950102,0.21163684128501029,0,0.875,0.8400000000000001
1.0,0.4930292411386892,0.6610590027805743,0.6287618931507426,0,1.0,0.4799999999999999
22.0,0.4482904819484827,0.510402878552192,0.25436847686285763,2,0.375,0.14666666666666667
16.0,0.525076141460426,0.4014382353547423,0.586108560275111,1,0.25,0.8
19.0,0.24762950299286468,0.6011745058098562,0.5298864003070708,2,0.125,0.14666666666666667
19.0,0.37534686489162594,0.2868182439707092,0.5482621306451679,0,0.75,0.49142272262026604
17.0,0.542976109806879,0.4869612408017333,0.3937819579682404,2,0.5,0.7733333333333332
26.0,0.5457256598788298,0.5205993554272493,0.5907776262203703,0,0.75,0.026666666666666644
5.0,0.3775209256939851,0.2197199144441312,0.4808678728511919,2,0.625,0.5066666666666666
22.0,0.45623109959506897,0.7712482063003626,0.5922961100783747,1,0.375,0.49142272262026604
9.0,0.45755960148896097,0.3371800489778505,0.54605263031236,2,0.75,0.6000000000000001
13.0,0.6750189126904997,0.5581490309889908,0.28817250373504744,2,0.625,0.21333333333333332
26.0,0.542976109806879,0.49322469476168423,0.3883293101799279,0,0.25,0.6666666666666667
14.695057833859096,0.4594609496816219,0.11543762610829442,0.5384770545579562,2,0.0,0.7333333333333334
11.0,0.5770151585950681,0.059575929919392874,0.4277732526363818,1,0.625,0.29333333333333333
29.0,0.4023082494617296,0.1337262811731717,0.36476394282585234,2,0.25,0.44
5.0,0.4372285313242861,0.7255625894660507,0.45394817753448685,2,0.125,0.23999999999999994
23.0,0.5486595989176947,0.9451777736384553,0.5528170914151826,0,0.5,0.8266666666666667
14.0,0.6516838222540353,0.9665567326977385,0.23543161301573148,0,0.375,0.6533333333333333
24.0,0.4662657981414151,0.6972984646025894,0.5249957343099733,0,0.75,0.36000000000000004
18.0,0.4913983841742881,0.8108905902332448,0.5889979295379316,0,0.75,0.05333333333333329
25.0,0.6177579180953171,0.7936065981653884,0.42309925183153374,2,0.875,0.7466666666666666
6.0,0.6603358602545134,0.020828076389535755,0.30070674994990165,1,0.75,0.4533333333333333
28.0,0.6625642410328817,0.9380100857838356,0.44068614597845396,2,0.125,0.29333333333333333
13.0,0.623953847912966,0.5559971995381516,0.4464128332733313,2,0.875,0.9733333333333334
16.0,0.5598193800108309,0.14991433682448604,0.7077629215428085,0,0.125,0.7866666666666666
20.0,0.5013196321090754,0.7815099104140677,0.716482582066156,1,0.125,0.6133333333333333
22.0,0.6084434210594676,0.6774619425774449,0.5737478688973378,0,0.625,0.27999999999999997
4.0,0.6465726657909123,0.3642672669668501,0.29106720004227726,2,0.125,0.9733333333333334
9.0,0.7113773428227337,0.8139343614615945,0.5118269505282198,1,1.0,0.09333333333333332
18.0,0.542976109806879,0.7956310914948669,0.8928887817563498,1,0.875,0.6799999999999999
14.0,0.41698479076395717,0.6770944597178562,0.5353177810333241,2,0.125,0.026666666666666644
20.0,0.725113058323215,0.510402878552192,0.4091587094625693,2,0.625,0.8266666666666667
7.0,0.4331503771102248,0.456310403624883,0.2900673987089568,0,0.625,0.8133333333333332
21.0,0.520875376761661,0.47044988784487746,0.32082518634016954,2,1.0,0.37333333333333324
11.0,0.6121633558175942,0.92185286408895,0.4245524741324136,0,0.125,0.4266666666666667
9.0,0.7115729276735403,0.7043749712961961,0.21906600844754942,0,0.625,0.5333333333333332
13.0,0.4925513996073584,0.25902241895199124,0.47923943640150063,0,0.0,0.7333333333333334
9.0,0.5731364688818693,0.482393987764449,0.6439290266822635,2,0.0,0.9333333333333333
10.0,0.3293475497084576,0.8119913484798919,0.7055815435957797,1,0.625,0.4533333333333333
7.0,0.8849886832019178,0.5338255946681504,0.30425905830433075,1,0.25,0.4799999999999999
26.0,0.42012051359454494,0.9763996827749284,0.41459586652668784,0,0.5,0.3333333333333333
15.0,0.6258115244994779,0.13510209070715265,0.3399448904915078,2,0.375,0.7866666666666666
10.0,0.6487743243505908,0.657257604788992,0.6056173935536299,0,1.0,0.4666666666666666
9.0,0.6934698683241313,0.04240949791494657,0.28149061116632434,1,0.25,0.37333333333333324
8.0,0.4459175486949306,0.34970474639007515,0.514171094523697,0,0.0,0.8666666666666667
9.0,0.44656339257271466,0.20322482247770537,0.1271228979583517,2,0.75,0.3066666666666666
2.0,0.688249701675413,0.6725322627992578,0.5979306919771218,2,0.75,0.8533333333333335
23.0,0.8004326093957834,0.9134111687906364,0.7175547190424252,1,0.625,0.12
2.0,0.6327453509301857,0.510402878552192,0.3946004704312563,2,0.0,0.7466666666666666
5.0,0.8840867719853269,0.6520594499633402,0.5082517090998528,2,0.5,0.96
21.0,0.4246381910542701,0.5313401166120016,0.49040374828815664,0,0.625,0.38666666666666666
25.0,0.6348830995192338,0.3556054084709862,0.4623678511440462,1,0.625,0.6266666666666667
1.0,0.6553054551551634,0.7582068431595025,0.5719702264123159,0,0.625,0.8799999999999999
19.0,0.28693805286501456,0.24181093741760826,0.42881906002982506,1,0.625,0.6399999999999999
9.0,0.6756005817914642,0.7919175542692979,0.2993069838246643,1,0.25,0.49142272262026604
23.0,0.5347300354095283,0.510402878552192,0.4436598980800557,1,0.125,0.29333333333333333
29.0,0.5782796485931564,0.21727709581880295,0.2752360813694502,0,0.875,0.2533333333333333
20.0,0.6231254574932282,0.510402878552192,0.5570815126841429,0,0.5,0.32
15.0,0.5997728773763358,0.580964360213958,0.5292173652238569,2,0.125,0.6133333333333333
18.0,0.41851499429115047,0.36924985520440967,0.4062021725492102,2,0.625,0.6666666666666667
24.0,0.8988920728232933,0.698217369178915,0.47923943640150063,1,0.125,0.36000000000000004
11.0,0.24670599129766446,0.048989903871541916,0.6217183932379005,0,0.5,0.8666666666666667
22.0,0.3964738837817855,0.31792197574206005,0.7099770351256045,0,0.25,0.2
4.0,0.2837755679919277,0.11103196590553946,0.6034590098867318,2,1.0,0.2
7.0,0.9918828270566875,0.05054437054557321,0.5363528274728956,0,0.75,0.6000000000000001
7.0,0.7207314024347002,0.8235330165298492,0.4799381007081119,1,0.25,0.17333333333333328
24.0,0.6589546190043547,0.4791919342896347,0.49709556118932857,2,0.75,0.18666666666666665
24.0,0.544028943694774,0.688645259492165,0.757436065153829,2,0.75,0.2
2.0,0.3512504023499785,0.35747551690369234,0.7435556157184067,2,0.0,0.29333333333333333
18.0,0.618061668655797,0.510402878552192,0.45615230581100624,1,0.0,0.3066666666666666
3.0,0.32495349203745405,0.7592963819338353,0.420843180606328,2,0.25,0.9066666666666667
27.0,0.29815160001557856,0.9447764191667063,0.30436933063014704,0,0.0,0.49142272262026604
15.0,0.7941948298259489,0.1472481921800086,0.33514385298471355,2,0.0,0.4666666666666666
23.0,0.39612671833156055,0.7562989514526721,0.495538165349816,0,0.625,0.8133333333333332
7.0,0.4445385497749038,0.0997793551562651,0.8420227358630241,0,0.5,0.3466666666666666
27.0,0.5226039787452339,0.8076133626798939,0.5956297676587895,0,0.875,0.4533333333333333
24.0,0.5616118061227053,0.26528219823040405,0.43347030331152614,1,1.0,0.6399999999999999
23.0,0.840350893138677,0.08280607492696092,0.5558738563378192,2,0.75,0.5466666666666666
12.0,0.3669540696273602,0.510402878552192,0.5199897984174757,2,0.125,0.39999999999999997
28.0,0.517692292171917,0.510402878552192,0.525030128386158,1,0.375,0.16000000000000003
29.0,0.8555328136539464,0.3635668996200786,0.5787298661445238,0,0.25,0.06666666666666665
17.0,0.6519493655234091,0.0008380030343626494,0.6802816252876821,2,0.875,0.4133333333333333
20.0,0.6032029982905979,0.8864123299233055,0.4162303738417826,1,0.125,0.4266666666666667
9.0,0.526469923306629,0.10194296495009203,0.47923943640150063,0,0.75,0.7466666666666666
7.0,0.6897899655799681,0.5508541978917402,0.41332099760008995,2,0.875,0.49333333333333335
28.0,0.7797700014153341,0.1519305503336128,0.30376897318481816,0,1.0,0.8
28.0,0.531537192975439,0.4729457575179137,0.5207955142629692,1,0.5,0.2
15.0,0.7076318289034091,0.3047254339724162,0.2511349020281887,2,0.0,0.36000000000000004
25.0,0.8607959048462056,0.9994690242707225,0.572470409189279,2,0.875,0.8400000000000001
1.0,0.7952141426525496,0.727761950358626,0.47682808286518447,2,0.875,0.6666666666666667
21.0,0.6799160638784474,0.8584246647366957,0.22243108237848802,2,0.625,0.8133333333333332
10.0,0.4654244572025495,0.7899060044572827,0.4909219309040048,0,0.875,0.21333333333333332
6.0,0.5676435157358162,0.710433658995728,0.3429125393612661,1,0.125,0.05333333333333329
11.0,0.41220172330675847,0.510402878552192,0.4442237474290447,2,0.75,0.013333333333333336
14.0,0.47741211151930585,0.11609825685239038,0.26137463593220844,2,0.875,0.8666666666666667
19.0,0.7062431662750651,0.889557892148613,0.63953811176097,1,0.0,0.3466666666666666
5.0,0.542976109806879,0.23804284567454354,0.5032605372695984,0,0.0,0.27999999999999997
22.0,0.6717928447508114,0.39677244213919216,0.5021400600930657,2,1.0,0.23999999999999994
9.0,0.6364247246306876,0.35714203851551174,0.4451308197781589,2,0.125,0.1333333333333333
2.0,0.6939218754758928,0.510402878552192,0.4654592514072771,0,0.5,0.6933333333333334
7.0,0.7079155058460975,0.7645798004978783,0.4984809244804702,1,0.0,0.9466666666666665
14.695057833859096,0.46326889525817494,0.7812229425354771,0.33125928020664996,0,0.25,0.4799999999999999
14.695057833859096,0.48303329617080704,0.9134119138584866,0.2833457605280284,2,1.0,0.4533333333333333
29.0,0.3155448629284816,0.2442037167159077,0.3521020343086138,0,0.25,0.3333333333333333
5.0,0.17284398036073112,0.8162066473609095,0.5634145937109971,1,0.25,0.14666666666666667
1.0,0.5465007473352591,0.4847771485216555,0.36576930395351237,2,0.625,0.27999999999999997
5.0,0.5619740935189256,0.9423336184736928,0.46559983261161364,1,0.375,0.08000000000000002
7.0,0.5464102794599377,0.40805783989937866,0.45005691083575466,1,0.375,0.7866666666666666
4.0,0.5561906419677719,0.9797033847627379,0.5343648150494782,1,0.375,0.7466666666666666
14.0,0.6826280824738122,0.8219640489342176,0.5323134271321324,1,0.75,0.3066666666666666
14.0,0.6259101927223043,0.6427313520136022,0.19391804605961166,0,0.25,0.8
26.0,0.8143333625134979,0.24331132493867796,0.48230454669385103,0,1.0,0.7733333333333332
18.0,0.8772976244022874,0.2955639564340058,0.18573658385036038,2,0.75,0.44
14.0,0.3365769046349255,0.4937759729649888,0.5622587763319786,0,0.5,0.8666666666666667
7.0,0.6201521132563933,0.5885270074299607,0.549660625878618,1,0.5,0.6933333333333334
24.0,0.7581976778761257,0.13185693952012462,0.6562211584773644,0,1.0,0.3466666666666666
19.0,0.7530979474315134,0.3048675430919697,0.47923943640150063,1,0.5,0.96
2.0,0.574873542285859,0.5019297321761284,0.3852964778758686,2,0.75,0.9733333333333334
12.0,0.3824567680395903,0.3587138242744705,0.35720367339459536,1,0.0,0.9733333333333334
13.0,0.25096812176052463,0.39676026765684913,0.35892354882777006,1,0.75,0.5733333333333333
24.0,0.5425570912365478,0.6146771760709243,0.2684030436068477,1,0.5,0.12
28.0,0.43438895056741267,0.9224327284698931,0.3740190955321221,1,0.625,0.6000000000000001
20.0,0.42206603611710136,0.31694794557801415,0.23343646236656906,1,0.25,0.7466666666666666
27.0,0.47298855032468,0.9831781525916725,0.41133560381912876,2,1.0,0.8133333333333332
7.0,0.7270336579747853,0.9836055751114978,0.41428411333508985,0,0.75,0.18666666666666665
1.0,0.41005702873726474,0.863561463103226,0.04260435842119015,0,0.625,0.38666666666666666
11.0,0.4517466120216422,0.8173958834831576,0.6840326594117316,0,0.25,0.8133333333333332
12.0,0.5289126302983329,0.10426702691153526,0.6298681648852537,1,0.875,0.013333333333333336
14.695057833859096,0.25120524075633666,0.11520085459524439,0.432738361153475,0,0.875,0.4533333333333333
8.0,0.5918165810806919,0.2354618856903489,0.3202682072157355,0,0.875,0.52
19.0,0.44245289918299546,0.058880640915004015,0.5414407036787123,0,0.375,0.52
14.0,0.47395727119071207,0.48927345431473396,0.7063162267687098,0,0.625,0.6000000000000001
15.0,0.5619011735228838,0.8588648188981953,0.4012227066794019,2,0.75,0.18666666666666665
20.0,0.45504792866766347,0.2956218563406858,0.4790572718283324,2,0.0,0.49142272262026604
13.0,0.6790912289012829,0.029902600222102563,0.4586889839540892,0,1.0,0.6533333333333333
26.0,0.2306384362357874,0.4582951429492122,0.3609423312717391,0,0.875,0.3466666666666666
15.0,0.588244420631977,0.9078564339205822,0.7228634428962983,2,0.625,0.06666666666666665
18.0,0.6370016575551116,0.510402878552192,0.5132970420334783,0,0.75,0.36000000000000004
19.0,0.7607417752238183,0.9659005553836489,0.5690030459737598,0,0.0,0.3066666666666666
14.0,0.5229044464187723,0.2668578444119397,0.5581136209723947,1,0.75,0.7733333333333332
6.0,0.4799635234484618,0.37379228960316063,0.5496269933086995,0,0.625,0.7066666666666666
20.0,0.5548421441846124,0.0,0.45657521576496174,2,0.125,0.32
16.0,0.6372647222897396,0.9393075771801697,0.47923943640150063,0,0.75,0.4533333333333333
10.0,0.5427624070596035,0.7278789217668895,0.29784654302898483,0,1.0,0.7333333333333334
16.0,0.5355735796864258,0.1071507518004342,0.8787887902301673,0,0.25,0.4133333333333333
14.695057833859096,0.2916170736401827,0.38928959945281294,0.33900218213105987,2,0.5,0.4799999999999999
7.0,0.9054561476867358,0.964365564976516,0.3251707461146145,0,0.125,0.72
17.0,0.1300303323910344,0.8572110487025809,0.47923943640150063,2,0.625,0.4533333333333333
26.0,0.38743793704014096,0.9228911730788046,0.4197196529220903,2,0.5,0.06666666666666665
21.0,0.4163426541435985,0.5325152923110793,0.41029184907733823,2,0.25,0.29333333333333333
21.0,0.645332152629975,0.8811018087147426,0.5914312119280917,1,1.0,0.8266666666666667
14.695057833859096,0.4752826439020853,0.510402878552192,0.5067598284269984,2,0.375,0.6533333333333333
29.0,0.7080332464540466,0.9150995877570463,0.23118257507918968,1,0.0,0.23999999999999994
29.0,0.6029295756428514,0.510402878552192,0.30355055974342204,2,1.0,0.5466666666666666
21.0,0.3708031235308392,0.7749052193149056,0.509416474777631,2,0.5,0.6799999999999999
29.0,0.5679692039329405,0.988071795516265,0.43626904969359714,0,0.75,0.18666666666666665
25.0,0.41976647585787136,0.9875309844697909,0.40531084500139947,0,0.5,0.21333333333333332
1.0,0.3072463271324669,0.4320541072712626,0.35274539325257914,1,0.875,0.12
6.0,0.39931938086185315,0.7480284207147962,0.4592936378161229,0,0.5,0.03999999999999998
22.0,0.6422387518087985,0.5197896957238654,0.3729741110206136,0,0.125,0.14666666666666667
13.0,0.4638914319988972,0.14794206330206935,0.44330334905817503,0,0.125,0.0
5.0,0.4554251587471696,0.8621523707147485,0.4773946972173672,2,0.75,0.5733333333333333
5.0,0.6864664735642556,0.6200371228487626,0.7222207982438271,2,0.625,0.6133333333333333
28.0,0.6032617863714056,0.9840334780624517,0.6312602181265013,2,0.5,0.09333333333333332
19.0,0.6816167807393901,0.19604959130081384,0.4121640667749386,2,0.0,0.72
3.0,0.542976109806879,0.03752638810054989,0.578074690797411,0,0.0,0.7066666666666666
5.0,0.542976109806879,0.9739909399920071,0.40302490319987977,1,0.125,0.6000000000000001
21.0,0.5857979999477324,0.14737138150875606,0.6628094180222042,1,0.625,0.08000000000000002
4.0,0.2607713497222271,0.8137327205554836,0.46692617217745797,1,0.25,0.05333333333333329
3.0,0.6348377747522921,0.3963564152098249,0.23336479030954196,2,0.0,0.4133333333333333
12.0,0.542976109806879,0.510402878552192,0.44665456121555824,0,1.0,0.49142272262026604
21.0,0.42023478281616733,0.6681649606546416,0.26677794227855356,2,0.5,0.0
11.0,0.26919681440878335,0.3619099616636857,0.3902430278812253,2,0.5,0.8666666666666667
6.0,0.3858657276930261,0.03661063519285188,0.5240330488774083,0,0.5,0.06666666666666665
24.0,0.43310428259252687,0.335679102775979,0.5398047221140663,2,0.5,0.10666666666666663
9.0,0.6214401703092545,0.1765900318254535,0.36227369166824414,0,0.125,0.9866666666666668
9.0,0.4907540823032577,0.6001094159842169,0.2646039579509013,0,0.75,0.52
25.0,0.5321254995043133,0.1386289594136181,0.4789024425440186,2,0.875,0.8
16.0,0.46238599096352573,0.19321980323404567,0.3910035073776858,0,0.25,0.6266666666666667
18.0,0.6867521601915165,0.16325868104778263,0.44440713939784204,2,0.0,0.5333333333333332
21.0,0.6222732759808642,0.9706634831192923,0.4464796682166384,0,0.75,0.56
4.0,0.585100166163684,0.510402878552192,0.542821359368079,0,0.625,0.9066666666666667
3.0,0.5105540221543339,0.9552050717013778,0.650067448290323,0,0.125,0.09333333333333332
26.0,0.2790046726298602,0.1619313890812516,0.2670819496261896,2,0.375,0.3066666666666666
5.0,0.44149721184786395,0.4982562285214362,0.500826071280515,2,1.0,0.39999999999999997
2.0,0.5931268394242659,0.8237791509817723,0.6556415914656405,0,0.0,0.09333333333333332
8.0,0.5358283725514259,0.637506818734111,0.46675104675810264,2,0.25,0.52
22.0,0.6180697419896016,0.28249919845339594,0.5014000163804675,2,0.25,0.52
6.0,0.4472606904802922,0.4461774559437678,0.5673431580407842,0,0.125,0.10666666666666663
13.0,0.542976109806879,0.4751291712847989,0.5574430530884493,2,1.0,0.39999999999999997
10.0,0.763810377936572,0.9656827559384099,0.4864475121598155,1,0.25,0.7866666666666666
14.695057833859096,0.35548967904395923,0.2895810179093138,0.19265493012631138,2,0.625,0.6266666666666667
14.695057833859096,0.4733406501135485,0.39700352742379413,0.7539348475051613,0,0.625,0.44
26.0,0.6123390175776502,0.8812921396855933,0.37162402133835265,2,1.0,0.52
2.0,0.7312974548075949,0.284549378606786,0.44029093738328634,0,0.625,0.10666666666666663
20.0,0.2692084435797257,0.1196624547787001,0.3457532490286094,0,0.625,0.8266666666666667
16.0,0.5436623090356935,0.24118892466746225,0.4275641902241948,1,0.625,0.3333333333333333
15.0,0.5752645165735346,0.8200811879993384,0.2866900158545965,0,0.625,0.72
14.695057833859096,0.5827667184020742,0.6848935052030292,0.5939127336820065,0,0.625,0.49142272262026604
3.0,0.6042656983981226,0.4128445871476604,0.47923943640150063,2,0.75,0.06666666666666665
4.0,0.7216173758346662,0.9440009863014582,0.5989647489399653,0,0.375,0.10666666666666663
19.0,0.6085311442120043,0.6671147774244636,0.48363387292986154,0,0.625,0.5733333333333333
22.0,0.38389370620685737,0.22919048182636167,0.2884372567432802,2,0.75,0.22666666666666668
2.0,0.572386006053,0.9633617005457543,0.5091587960475729,0,0.75,0.5333333333333332
12.0,0.6099445268873356,0.5885501789057882,0.35018444968035806,0,0.375,0.026666666666666644
14.695057833859096,0.9293249333686957,0.5264262436762215,0.4822130141548221,0,0.875,0.03999999999999998
17.0,0.37709597612562384,0.7505441298546048,0.22607942991937527,0,0.375,0.5733333333333333
19.0,0.609819981529055,0.21344677473452023,0.5142124671625533,1,0.875,0.32
14.0,0.49775506767237837,0.8823883685399256,0.6096210893257412,1,0.375,0.26666666666666666
18.0,0.3468882512064727,0.147364033458519,0.534345313394175,0,0.375,0.9466666666666665
22.0,0.35369005512409774,0.19758252978823,0.7818344065646753,2,0.75,0.32
25.0,0.7137273138778795,0.9327030018235841,0.3336714230035929,2,0.5,0.29333333333333333
14.0,0.5143180205506435,0.6578012227549799,0.40984937465055815,0,0.875,0.9066666666666667
5.0,0.609781742719473,0.1968586703848181,0.7235417107913404,0,0.375,0.08000000000000002
22.0,0.43100092769273307,0.555801564637695,0.774841033545254,0,0.5,0.03999999999999998
17.0,0.46765239547851223,0.26055066109708525,0.600687918903108,1,0.625,0.013333333333333336
26.0,0.21014026551460863,0.26495273228216953,0.439843107861966,2,1.0,1.0
18.0,0.4523832199077179,0.5590400459440933,0.658830738322044,2,0.125,0.21333333333333332
29.0,0.7758142948514964,0.5256505959801181,0.5013615988081235,0,0.75,0.06666666666666665
22.0,0.7582023151821775,0.4862230184175974,0.6957841616275213,0,0.625,0.9066666666666667
26.0,0.8056019648272561,0.4251692746604688,0.5456615950198486,0,0.25,0.6399999999999999
16.0,0.4711624350075355,0.9079991760460252,0.5388994939214375,2,0.875,0.1333333333333333
18.0,0.5897775554562884,0.6529352618785723,0.468302277662884,2,0.25,0.5866666666666667
20.0,0.5073248046668415,0.028427546226741186,0.5030383167672482,2,0.875,0.8266666666666667
28.0,0.7231890406798508,0.5663777815808078,0.5348521300631612,2,0.75,0.76
28.0,0.6280907320000417,0.4874898271951849,0.47923943640150063,1,0.125,0.7733333333333332
7.0,0.5341585680953737,0.7532495909856374,0.33762011956054305,0,0.875,0.4266666666666667
22.0,0.5394877344069379,0.2777753757577678,0.5241168809898844,0,0.875,0.10666666666666663
2.0,0.36309630843025953,0.013715664002615091,0.21801949764285633,0,0.25,0.18666666666666665
14.0,0.47198148983297816,0.6395478722129123,0.7243411752698974,1,0.125,0.22666666666666668
24.0,0.8845938942177207,0.06305430535035211,0.5025662446225067,2,0.125,0.7333333333333334
2.0,0.37491979307260526,0.7745261153054209,0.5883963496446486,1,0.75,0.8933333333333333
15.0,0.5216935725125236,0.7239292494625612,0.2596162746862201,1,0.625,0.12
9.0,0.5687440423004602,0.510402878552192,0.751311525503074,1,0.75,0.14666666666666667
26.0,0.7323187407219081,0.4442605823355772,0.476578617091682,2,0.25,0.06666666666666665
5.0,0.40913200271458694,0.29393694444969304,0.6172333403200267,0,1.0,0.026666666666666644
1.0,0.6547155020878666,0.5661831366173521,0.44003540813715125,0,0.125,0.10666666666666663
6.0,0.6721099973969068,0.8002997691563652,0.6961204026688087,0,0.375,0.5866666666666667
10.0,0.3992646927510478,0.6373863127159801,0.6141933314863268,1,0.875,0.7733333333333332
8.0,0.6710932808533792,0.6339083920769798,0.6218654194448678,1,0.125,0.2
9.0,0.29379545197471146,0.07478646148376218,0.47923943640150063,1,0.5,0.8400000000000001
22.0,0.6604609379367431,0.016337755718125953,0.4224368818145501,0,0.625,0.23999999999999994
14.695057833859096,0.4257447584526491,0.380069476838291,0.5572999898372394,0,0.25,0.49333333333333335
13.0,0.6301186214616717,0.8662274861245025,0.6468496252139194,2,0.25,0.026666666666666644
10.0,0.7170337466327599,0.05637286285217947,0.5445632729488643,2,0.125,0.10666666666666663
3.0,0.8227027009031476,0.7834283703412005,0.584981047242561,0,0.5,0.6933333333333334
11.0,0.43339522626952165,0.06565190806905294,0.3504640172483243,1,0.625,0.8533333333333335
4.0,0.5683720811882258,0.5205156479431501,0.3631752159473716,0,0.375,1.0
2.0,0.7169162254036826,0.6032218352004515,0.451731319927205,1,0.125,0.7466666666666666
8.0,0.3462277479069934,0.5025453665579938,0.3266648885128,1,0.5,0.7066666666666666
4.0,0.5988537143677491,0.3336649448190826,0.3610061641074049,2,1.0,0.10666666666666663
24.0,0.4996652387731146,0.5927714076837679,0.7517661780770841,2,0.0,0.76
7.0,0.690855977955827,0.475630954938572,0.5212546997452135,2,0.875,0.9200000000000002
20.0,0.8069434885658229,0.2997039523112911,0.5442862383404101,1,0.375,0.6933333333333334
10.0,0.542976109806879,0.94435310651337,0.6296452574697414,0,0.25,0.8400000000000001
17.0,0.7794782279712754,0.8878095298408137,0.824430184695377,0,0.625,0.21333333333333332
25.0,0.47384222857163283,0.3716468310755409,0.38011504028640114,1,0.125,0.8
14.0,0.44299263455133503,0.5367728453854613,0.44754632682060747,1,0.5,0.6000000000000001
28.0,0.41525588447068335,0.47539370121843627,0.5750327194400593,2,0.375,0.6133333333333333
14.695057833859096,0.2355453953009763,0.271205113593226,0.5057655767795959,2,1.0,0.26666666666666666
3.0,0.6702763594329232,0.5267499025697219,0.5175416744014169,2,0.0,0.5333333333333332
8.0,0.23172183113121358,0.13994118368117953,0.5867651111615264,2,0.625,0.3333333333333333
20.0,0.542976109806879,0.7987322585951788,0.4376257327014795,0,0.75,0.5066666666666666
10.0,0.3865934059019235,0.08482750890535742,0.5301382589703758,2,0.5,0.38666666666666666
28.0,0.34764046421629613,0.2759947026851722,0.3654766877535146,1,0.625,0.5466666666666666
2.0,0.40764075651268633,0.5859940811327524,0.44002344103045243,1,0.25,0.76
6.0,0.4249924599446378,0.6495895290700223,0.5568540585218568,0,0.125,0.23999999999999994
13.0,0.4524647731878666,0.4465766551938956,0.4464647466433776,1,0.0,0.5733333333333333
14.695057833859096,0.4994383222042695,0.15079545465183827,0.4571693202381289,0,1.0,0.56
26.0,0.5543819561284803,0.4835634731171226,0.33751400472262927,0,0.375,0.96
8.0,0.6778943868002935,0.9570303057041654,0.3367162946146945,2,0.125,0.6000000000000001
16.0,0.44279792753052805,0.7008264647209227,0.39171461492037335,0,0.75,0.23999999999999994
4.0,0.5504360538919824,0.3915396898588292,0.6026571401162419,2,0.125,0.7866666666666666
14.695057833859096,0.4837411826731773,0.4832038784574303,0.6627847637091591,0,1.0,0.5733333333333333
19.0,0.41475117822629337,0.6937125928373169,0.6826056508619748,0,0.5,0.8933333333333333
3.0,0.6432939170311852,0.011633770634931215,0.15480523119642614,0,0.625,0.76
9.0,0.7969010997975335,0.4353065649401851,0.6208927910014763,0,0.625,0.21333333333333332
11.0,0.6712373335675721,0.510402878552192,0.3871560445973961,2,0.0,0.09333333333333332
26.0,0.419890075266293,0.510402878552192,0.47923943640150063,0,0.375,0.6933333333333334
6.0,0.5224666287126213,0.341809956449962,0.4862384631575687,2,0.625,0.22666666666666668
15.0,0.3626785562768216,0.510402878552192,0.45876627329623765,2,0.0,0.56
7.0,0.536015083309231,0.8518907908674628,0.19428340977289238,1,0.25,0.9066666666666667
28.0,0.7800798816506456,0.22248190833598744,0.6732244912313491,1,0.125,0.026666666666666644
5.0,0.7374615005705997,0.6914720252647306,0.6769993472965037,2,0.5,0.1333333333333333
12.0,0.42428326417173157,0.7416039912344822,0.20157922215754334,1,0.625,0.7866666666666666
25.0,0.7326958632792148,0.9022505575406419,0.4210285602179253,2,1.0,0.21333333333333332
2.0,0.6536233408635532,0.09954149660822287,0.5366596259053698,2,0.375,0.16000000000000003
5.0,0.6082849373783284,0.9359762918638352,0.6036030199137408,2,0.625,0.026666666666666644
7.0,0.533506585061027,0.2937473028639719,0.367333652506839,0,0.0,0.9866666666666668
14.0,0.5365270387500853,0.2008689189492219,0.3597615452136935,0,0.875,0.49333333333333335
15.0,0.4059750262906585,0.08004506274592396,0.5713130907204286,2,0.5,0.03999999999999998
11.0,0.6537852010531182,0.18540750036869036,0.5666291041334162,0,0.0,0.8266666666666667
24.0,0.8006938427128953,0.29786103355449767,0.6184293528198079,2,0.375,0.6666666666666667
4.0,0.4019900603897452,0.9855593380969584,0.5247760745710215,0,0.625,0.9200000000000002
5.0,0.5824148850741107,0.9353042281539772,0.4584750851845638,0,0.875,0.6133333333333333
8.0,0.5270603802825693,0.3161879333586745,0.4178524686511903,0,0.375,0.6266666666666667
9.0,0.42121604514191413,0.9378086567732691,0.4706233553991567,2,0.0,0.8933333333333333
6.0,0.5070361600280398,0.3444261377591925,0.4856238546549162,0,0.0,0.6266666666666667
17.0,0.4721343954867915,0.1529356857151913,0.36549031686883343,0,0.75,0.05333333333333329
4.0,0.06080482584359692,0.47398836011726475,0.2881589472074418,0,0.0,0.8400000000000001
10.0,0.2642685224849307,0.4596681957482704,0.6291853626796673,0,0.0,0.3066666666666666
14.695057833859096,0.511412610297995,0.8482298889565324,0.03813507400116889,0,0.5,0.76
25.0,0.6121580366225211,0.8958058817278673,0.4802388688031251,0,0.25,0.14666666666666667
16.0,0.4644864316662435,0.17608326546420233,0.3359070887947972,2,0.0,0.8533333333333335
25.0,0.4100659953825855,0.510402878552192,0.3388444350159733,2,0.125,0.08000000000000002
26.0,0.3881893393799289,0.7068470642037736,0.4155650495083692,2,0.0,0.36000000000000004
13.0,0.6271466621729802,0.4113728896472519,0.47951226039187866,0,0.5,0.3066666666666666
18.0,0.5108052524559215,0.33417419223069744,0.6538691562481589,1,0.5,0.6533333333333333
19.0,0.6862906404343514,0.7275375029712013,0.5370925455062895,0,0.5,0.38666666666666666
22.0,0.6293865177137687,0.9801391030625027,0.4757330663840571,0,0.125,0.6266666666666667
6.0,0.5209783223795021,0.6658163976223784,0.5938722638382259,0,0.25,0.9066666666666667
9.0,0.5804372745305595,0.1616935264806809,0.6126807860675045,2,0.375,0.8799999999999999
12.0,0.6281761377171324,0.510402878552192,0.3853281317723133,1,1.0,0.4799999999999999
4.0,0.5427849929237945,0.8103536607228028,0.5368038837537009,1,0.125,0.7333333333333334
6.0,0.524689980138532,0.8370616385780462,0.3561749226283304,2,0.625,0.17333333333333328
6.0,0.6818422794196461,0.14106453985172232,0.4553267581997381,1,0.375,0.7733333333333332
25.0,0.5937089316160126,0.310522987792414,0.7633893593817876,0,0.375,0.9200000000000002
4.0,0.7897021737329282,0.4832693897332102,0.4355924568949419,0,0.5,0.32
15.0,0.45104586548363457,0.5218351030393238,0.313323113787973,2,0.75,0.3066666666666666
11.0,0.5233074762392399,0.9297583660775269,0.32807269871548894,0,0.125,0.38666666666666666
18.0,0.6106805246299146,0.9693747109174158,0.6314316919499015,1,0.375,0.29333333333333333
12.0,0.26989799636975537,0.401177807620305,0.8107429108038348,0,1.0,0.7466666666666666
4.0,0.5890728711314309,0.37713870478703937,0.7433962311415244,0,0.25,0.1333333333333333
13.0,0.5462945838320322,0.17816537995649964,0.22535272236431422,2,0.875,0.3466666666666666
14.695057833859096,0.27744339469432855,0.633903119890815,0.6161861058485896,0,0.625,0.52
22.0,0.2503072463200994,0.20786056085415172,0.47923943640150063,1,0.125,0.5733333333333333
21.0,0.5583903271413058,0.25575642152716427,0.3787591266849253,0,0.375,0.9733333333333334
23.0,0.4977134121949288,0.510402878552192,0.34286168718616106,2,0.125,0.8133333333333332
7.0,0.5789867326340411,0.7063854920934903,0.8110012859028968,0,0.25,0.44
27.0,0.5148844668236331,0.9609751743151596,0.24168529186298326,0,0.625,0.72
17.0,0.6955156846986349,0.030137306279958833,0.4164725226234777,2,1.0,0.7733333333333332
25.0,0.39316816074743977,0.9234410362044021,0.3839761597972288,0,0.5,0.7333333333333334
29.0,0.7690478638243766,0.4173009483024333,0.7354764177142642,2,0.0,0.12
10.0,0.5252046797453112,0.15159304501991608,0.2377141593443204,2,1.0,0.4266666666666667
10.0,0.5935030592850907,0.510402878552192,0.47923943640150063,0,0.0,0.49142272262026604
24.0,0.573336908644521,0.2984244001624635,0.4405580018491214,2,0.0,0.27999999999999997
14.695057833859096,0.8438921809495552,0.506139479687566,0.4442804384996986,2,1.0,0.9333333333333333
23.0,0.6715048079361432,0.955624633380111,0.3087412282124745,0,0.375,0.09333333333333332
14.695057833859096,0.2535384525698189,0.9944203907737157,0.5215252242216558,0,0.25,0.9200000000000002
27.0,0.6562937342032188,0.6270771449616165,0.7593637010864449,0,0.375,0.8266666666666667
25.0,0.5457755388462101,0.7701500577658227,0.38997273973015306,2,1.0,0.44
9.0,0.36758650216258326,0.05322683121842309,0.34345845730706814,2,0.5,0.03999999999999998
1.0,0.7703180803684517,0.9981523107500816,0.4537596945360536,2,0.5,0.8666666666666667
26.0,0.38063196267137595,0.9494340352522523,0.6934413047410825,2,0.0,0.9466666666666665
23.0,0.3586285076725098,0.11178645754637145,0.3761985729398302,1,0.25,0.23999999999999994
21.0,0.34902392536992427,0.14051512562272658,0.39724252084658285,0,0.0,0.49333333333333335
25.0,0.3945757343445277,0.03803933086170132,0.7444006320177439,1,0.75,0.18666666666666665
28.0,0.308214040558491,0.04405763360724983,0.34791841475943697,1,0.375,0.4533333333333333
1.0,0.4769272559948493,0.21947665092552915,0.4352416328712358,0,1.0,0.9200000000000002
4.0,0.542976109806879,0.47221603013201513,0.48160380774148204,2,0.125,0.76
6.0,0.4892218107674642,0.5551575083774761,0.40037053490852326,0,0.0,0.4799999999999999
28.0,0.3955657288157968,0.2160706236686603,0.5410140015321485,2,0.625,0.16000000000000003
16.0,0.542976109806879,0.962934410047252,0.24677981701866658,2,0.125,0.9466666666666665
14.0,0.6863632937946118,0.7954971509619903,0.461016501021653,0,1.0,0.4533333333333333
12.0,0.44126451984904774,0.1688912638318173,0.5524546045566786,2,0.875,0.5733333333333333
10.0,0.664757285413896,0.8131074730518373,0.6818652561905578,2,0.625,0.7066666666666666
25.0,0.9999999999999999,0.8870689292218056,0.47923943640150063,0,1.0,0.6000000000000001
24.0,0.42484715527003497,0.029668685668308648,1.0,0,0.375,0.9866666666666668
27.0,0.23684253259967863,0.05803174918323289,0.4114179480669784,0,0.0,0.8933333333333333
14.0,0.6662378327922748,0.7275341187349303,0.26160750997075327,0,0.25,0.9200000000000002
21.0,0.6668779517729402,0.7731341865367652,0.5677205515642197,0,0.375,0.96
29.0,0.6718484183704773,0.024240968111673696,0.47437379693351284,0,0.875,0.3466666666666666
23.0,0.7867332622441597,0.9012807982979261,0.4585623612432684,0,0.375,0.26666666666666666
2.0,0.5978436027879788,0.5188265313147566,0.3709047445371809,2,0.875,0.76
8.0,0.45405512913787494,0.2624475167568016,0.5629268674854998,2,0.75,0.39999999999999997
14.695057833859096,0.8601702236035811,0.8340506969374328,0.4182481720971326,0,0.25,0.03999999999999998
16.0,0.49186337661261353,0.4281482590749955,0.32628065689188746,1,0.125,0.39999999999999997
1.0,0.5682126748267359,0.4411534791790015,0.6632826631368489,1,0.5,0.8133333333333332
8.0,0.41311596183008414,0.7783041135636332,0.4742663072375127,2,0.75,0.4799999999999999
10.0,0.7397745376187995,0.020419161190255813,0.5080327652109032,1,0.875,0.52
14.0,0.5859390350223078,0.45684967134248083,0.4987782673762811,2,0.0,0.4266666666666667
5.0,0.5532560589674768,0.5830768192317762,0.6109090187815006,0,0.25,0.8266666666666667
23.0,0.8808034447859804,0.4327573509337245,0.546350455315071,1,0.625,0.08000000000000002
14.0,0.5266107291364418,0.5487079124630574,0.3351395623991273,2,0.0,0.6399999999999999
16.0,0.5654564589690974,0.45800402097188175,0.45778943326846055,0,0.875,0.49333333333333335
5.0,0.897395454619418,0.9063537881917315,0.3876750520713125,1,0.625,0.3066666666666666
20.0,0.6810201366800608,0.3764729082095444,0.41723593878980664,0,0.75,0.9066666666666667
4.0,0.6415826337020453,0.5240243040910139,0.5793469368072895,1,0.5,0.44
22.0,0.6373444863839979,0.49800082008712426,0.6821318744627719,0,0.375,0.6399999999999999
3.0,0.5144958490126196,0.5119122283365002,0.2673532392718778,0,0.0,0.72
14.695057833859096,0.736809671001228,0.5579166721386605,0.4674564183131111,1,0.25,0.6799999999999999
19.0,0.39431999236241655,0.510402878552192,0.5586776286981302,0,0.0,0.27999999999999997
14.695057833859096,0.6316805116193539,0.32116378788862315,0.30381493122439474,0,0.625,0.9866666666666668
25.0,0.595829166968211,0.49170884641431867,0.6348672518997823,1,0.25,0.38666666666666666
29.0,0.3640147143758558,0.6778488414961038,0.3015282432611211,2,0.625,0.8
17.0,0.5140936411527842,0.4443689947364792,0.4555637449699992,1,0.5,0.52
20.0,0.5563123003834117,0.7719541312831623,0.6310922543517734,2,0.875,0.026666666666666644
15.0,0.5758519805458115,0.21501078555707623,0.7836564772070396,1,0.625,0.9866666666666668
10.0,0.3883846719368761,0.8429304887373409,0.6478354909097123,1,0.125,0.5866666666666667
9.0,0.5551131277160176,0.620411418561219,0.4202455995948238,2,1.0,0.7733333333333332
29.0,0.23975838223977486,0.3358039188733513,0.47923943640150063,0,0.125,0.72
5.0,0.5004606685345367,0.510402878552192,0.6327712544721407,0,0.0,0.7866666666666666
14.0,0.5129375100908935,0.3646347479669329,0.43085289531483606,0,0.0,0.6933333333333334
6.0,0.5212821796347392,0.510402878552192,0.537190861582344,0,0.0,0.7866666666666666
1.0,0.32746894974497043,0.8982041140694716,0.5035349460803846,0,0.875,0.72
8.0,0.5445438280577297,0.9080220560737573,0.5718961422460556,0,0.0,0.7466666666666666
2.0,0.6607831604147862,0.49376338535803166,0.31541436997309213,1,0.875,0.9733333333333334
2.0,0.5844060303295924,0.9834540861950867,0.39617131545459433,1,0.375,0.4533333333333333
5.0,0.38605974312235164,0.3259640293183615,0.283498621537003,2,0.0,0.6933333333333334
2.0,0.30557262740273117,0.577589366182754,0.2471046690623967,0,0.5,0.5866666666666667
16.0,0.7507426415989122,0.6149655231850717,0.5840779125678621,0,0.875,0.6266666666666667
20.0,0.36789478759326627,0.06057724102649534,0.3517066260928534,2,0.625,0.16000000000000003
26.0,0.7580937144378872,0.9199151791730341,0.44872577578107187,2,0.625,0.27999999999999997
4.0,0.5534945878976262,0.23715204587283784,0.6706980754009589,2,0.875,0.6000000000000001
18.0,0.4815860149828434,0.2872103224784497,0.6064102015102477,0,0.125,0.6666666666666667
14.695057833859096,0.41295332315632494,0.521901298903561,0.7411215485394607,0,0.0,0.9733333333333334
26.0,0.5801708078797067,0.980662826375848,0.4945736778463415,0,0.875,0.26666666666666666
17.0,0.7363562547536585,0.9384021373974357,0.16299602642664926,0,0.625,0.013333333333333336
11.0,0.9157764495661602,0.4564942738061527,0.6866893734196093,1,0.125,0.3466666666666666
29.0,0.5423296260910221,0.42577038022226926,0.4378313097948093,1,0.125,0.4666666666666666
28.0,0.45667165443084645,0.11981973356999523,0.5539335303024783,2,0.625,0.27999999999999997
24.0,0.42360927956124717,0.7912649344242627,0.3942253113564696,2,0.75,0.7066666666666666
14.695057833859096,0.7908343646633091,0.5220148309404387,0.6608419688446274,2,0.25,0.3466666666666666
3.0,0.5515432952824668,0.9982128918512119,0.2840939085847112,1,0.875,0.013333333333333336
12.0,0.34109249905141836,1.0,0.4835587329478375,1,0.25,0.6266666666666667
21.0,0.5995614045659947,0.9709014077364149,0.3037849757745022,2,0.125,0.05333333333333329
12.0,0.569064254546869,0.510402878552192,0.4593671801167247,1,0.875,0.38666666666666666
29.0,0.47920531673010575,0.8761269274374994,0.472326686863646,2,0.875,0.8533333333333335
19.0,0.4268632548332291,0.40452595615239817,0.6132524965194315,2,0.0,0.8799999999999999
7.0,0.7991948495027381,0.9469594814503725,0.3898716005355057,2,0.875,0.03999999999999998
28.0,0.6418653059690407,0.1656239885638729,0.5537337624723591,1,0.625,0.8799999999999999
12.0,0.8700224953029815,0.8152545883731434,0.4717967009154206,2,0.375,0.4133333333333333
23.0,0.6198569655175468,0.18493899365141783,0.5768169850684397,1,0.125,0.5866666666666667
14.0,0.5620007333922936,0.8844665923175081,0.6309277309275433,2,1.0,0.026666666666666644
27.0,0.5287128677383455,0.5909551784731911,0.593896224175023,0,0.375,0.5866666666666667
4.0,0.542976109806879,0.5487049713611905,0.3749847091686408,0,0.375,0.9200000000000002
1.0,0.47551299894459975,0.6964500188413,0.5773335926511238,2,0.625,0.8933333333333333
16.0,0.534868097961858,0.80084316533363,0.45019393976086225,1,0.5,0.49142272262026604
8.0,0.3143258461988606,0.866881805545358,0.41159661991126156,2,0.0,0.6266666666666667
29.0,0.48566849329992134,0.33096696606113085,0.742361039586915,0,0.5,0.5066666666666666
11.0,0.4820861021644183,0.6591165307693214,0.3963893077698964,2,0.125,0.3333333333333333
12.0,0.19982672357515996,0.17424090343674492,0.5469300475881177,1,0.375,0.36000000000000004
19.0,0.708267597066641,0.10138340913683272,0.3927012331235843,0,1.0,0.8799999999999999
23.0,0.6793981826550126,0.06510691128860281,0.524806066215415,2,0.75,0.7733333333333332
7.0,0.5131110526890175,0.06218875429192631,0.4724136820724298,2,0.625,0.17333333333333328
27.0,0.5049983399270013,0.6151840903536133,0.654250786899238,0,0.375,0.6399999999999999
20.0,0.6315726281868456,0.49217836761558514,0.46294667144957174,2,0.625,0.5466666666666666
10.0,0.23629862701823445,0.3676426177269653,0.6297001987138758,0,0.375,0.5333333333333332
25.0,0.6418503921723947,0.4298870124796535,0.7814188651707121,1,0.0,0.27999999999999997
23.0,0.542976109806879,0.5963268239691994,0.4959572832511014,0,0.0,0.2533333333333333
11.0,0.5203207385201524,0.17938159955663974,0.45665041210775825,2,0.875,0.5733333333333333
19.0,0.5061196922211959,0.5399001140032992,0.4500312706494297,0,0.625,0.6399999999999999
16.0,0.7198465764894506,0.15980233755427808,0.5136175979879669,1,0.625,0.6933333333333334
10.0,0.7687282721350764,0.510402878552192,0.2654382114898083,2,0.375,0.0
23.0,0.6380104711421641,0.4351283593279461,0.40371721425023244,1,0.5,0.14666666666666667
1.0,0.48610960600361475,0.7202509911669527,0.44874286267532554,2,0.75,0.7866666666666666
6.0,0.03438931772098475,0.23239807455199557,0.2977200846828913,1,0.0,0.9333333333333333
27.0,0.15201460190893817,0.510402878552192,0.3719256382081178,0,0.625,0.7733333333333332
10.0,0.38257733433098434,0.0967683164126775,0.6647054845815616,2,0.25,0.5333333333333332
1.0,0.542976109806879,0.28366318134501056,0.2885355216993255,0,0.75,0.8666666666666667
12.0,0.37903387247977877,0.33519937636771197,0.1432676121704442,1,0.875,0.17333333333333328
14.0,0.5472400565927165,0.6907481598209161,0.5126935732645116,2,0.125,0.36000000000000004
10.0,0.25415697001927995,0.5287838823782464,0.33700790283769255,0,0.75,0.4133333333333333
13.0,0.7215182742834579,0.8430489846803099,0.7651039511805269,2,0.875,0.9866666666666668
20.0,0.39785048456927236,0.3299643821731989,0.3420014699422361,2,0.125,0.14666666666666667
4.0,0.5701654883567184,0.510402878552192,0.47923943640150063,2,0.875,0.6133333333333333
12.0,0.26028274334910173,0.10310852941787764,0.6336866975135242,2,0.5,0.06666666666666665
21.0,0.6270627158168871,0.3302938902103806,0.2987948558554252,0,0.25,0.49142272262026604
15.0,0.3149002591561654,0.6750777423264456,0.3826512671832926,1,0.875,0.23999999999999994
9.0,0.6579360783830581,0.17435460604547964,0.32149356492519365,2,0.375,0.9200000000000002
20.0,0.39872497377371974,0.27798431538233737,0.7227559498458946,2,0.125,0.6933333333333334
13.0,0.7642936216183704,0.510402878552192,0.4986471465668808,0,0.375,0.4533333333333333
4.0,0.6146090795037813,0.07599684320079003,0.24413324511461473,1,1.0,0.37333333333333324
6.0,0.6481080880901187,0.7358905678870463,0.6185056006748221,0,0.0,0.6666666666666667
14.695057833859096,0.6591118393751016,0.14137555927290907,0.32360092464784823,1,0.5,0.3066666666666666
14.695057833859096,0.5765231127879848,0.9372622018005519,0.5085687610613825,2,0.625,0.8266666666666667
19.0,0.404969601391834,0.9165488968438938,0.7688683746874987,1,0.625,0.1333333333333333
1.0,0.5187723440841612,0.510402878552192,0.1963998765189117,2,0.625,0.6799999999999999
22.0,0.6423255501990918,0.41839942087475623,0.37582570428548856,1,0.875,0.8266666666666667
18.0,0.6172170019473773,0.11685576718409008,0.5398341853651774,2,0.125,0.21333333333333332
14.695057833859096,0.5791789200253408,0.6964307185605786,0.36968900772901536,2,0.5,0.4266666666666667
4.0,0.3012081441458283,0.040663811388069224,0.2646047393885166,1,0.375,0.9733333333333334
14.695057833859096,0.4941101825337115,0.1216293297993295,0.41488223675242464,0,0.75,0.5333333333333332
18.0,0.7226870142187047,0.8299634077511321,0.6687262724502705,2,0.0,0.7333333333333334
17.0,0.4819600014110174,0.6175664029735913,0.37744220694148983,0,0.625,0.10666666666666663
22.0,0.5824347484072332,0.9589020398471247,0.546692148471043,0,0.0,0.6799999999999999
10.0,0.5850347713188486,0.958227797606652,0.6918710833939483,2,0.625,0.5333333333333332
18.0,0.4399078623947195,0.1997912467355691,0.47958727362556564,2,0.75,0.9733333333333334
3.0,0.8210789989946821,0.7708952396301437,0.47923943640150063,0,0.625,0.7066666666666666
23.0,0.48984573007928184,0.4164528788590916,0.5627166653506459,2,0.125,0.22666666666666668
28.0,0.6702612185398925,0.955727169663651,0.5493776584811059,2,0.625,0.6533333333333333
13.0,0.7095215800351445,0.7650881501486219,0.44242366566874664,2,0.875,0.4266666666666667
13.0,0.9166261815346919,0.5061701976389928,0.354148813466713,1,1.0,0.16000000000000003
14.0,0.4884060468326408,0.2863818923648686,0.38272735540752906,2,0.875,0.18666666666666665
20.0,0.5606431128270787,0.2910574775761007,0.47923943640150063,2,0.0,0.4666666666666666
3.0,0.7755322135332546,0.004610399019315084,0.18298166821737918,2,0.625,0.8
9.0,0.5300636794837741,0.18510842913469672,0.6735783074165974,0,0.375,0.12
14.0,0.8366133871488692,0.09976103499549521,0.6193369858204932,0,0.0,0.6266666666666667
5.0,0.4597535630084299,0.07775747212546705,0.6238957866730892,0,0.25,0.96
10.0,0.8192200859177097,0.17495511420656282,0.47923943640150063,0,0.0,0.21333333333333332
4.0,0.7878689908709368,0.6441522023511655,0.47923943640150063,0,0.5,0.03999999999999998
14.0,0.4565141036600323,0.8152802526997376,0.5204306099796061,0,0.625,0.7733333333333332
7.0,0.5066660451494229,0.6646096960411838,0.4269626919070465,2,0.125,0.18666666666666665
23.0,0.3739427912202466,0.8094158591462842,0.7634711568946789,1,0.125,0.38666666666666666
7.0,0.542976109806879,0.4100579691186041,0.5050906664941779,0,0.375,0.2533333333333333
9.0,0.5298213884468919,0.3539398474947357,0.34930305120877575,0,0.625,0.9200000000000002
5.0,0.16840278626954774,0.6863403634140601,0.3872884396949351,1,1.0,0.6933333333333334
14.695057833859096,0.49465297213879383,0.703190054620346,0.5967876691796206,0,0.0,0.4799999999999999
4.0,0.26514018520011773,0.9149918258125772,0.5285295453443722,0,1.0,0.6000000000000001
27.0,0.8476280792839515,0.10700550731829582,0.37592123878345535,0,0.5,0.6799999999999999
2.0,0.542976109806879,0.42282025733721496,0.4377512681211087,0,0.875,0.6533333333333333
14.695057833859096,0.6034977027615638,0.4907823170359337,0.5590997780296215,1,0.875,0.14666666666666667
4.0,0.5235236338755561,0.3995608059684745,0.4361470082621451,1,0.625,0.08000000000000002
24.0,0.7932346625222042,0.4704218218535498,0.4474748884143404,1,0.0,0.013333333333333336
20.0,0.5248123650860171,0.26341596100075737,0.37053443231624617,1,0.0,0.76
23.0,0.6180522500612678,0.8744987960291911,0.43171135930546123,1,0.75,0.39999999999999997
1.0,0.542976109806879,0.16771982750937903,0.394223618220385,1,0.375,0.5333333333333332
23.0,0.34085648528155843,0.6228073171709448,0.4422182061554809,2,0.25,0.3466666666666666
17.0,0.2920383493623144,0.5545079805775632,0.39235172017662373,0,0.25,0.18666666666666665
17.0,0.5482818170858572,0.6393882860464516,0.47451477821030824,0,0.125,0.3333333333333333
27.0,0.4670857366799237,0.7118493943290772,0.6133939867588212,0,1.0,0.16000000000000003
19.0,0.3725082050995455,0.6074473185160373,0.6757178781858671,2,0.75,0.6533333333333333
21.0,0.4787371114037348,0.805311716896022,0.5334478312090845,1,0.375,0.16000000000000003
4.0,0.5499366287752364,0.5822030770073379,0.51770174324496,0,0.875,0.6933333333333334
13.0,0.8323752523793004,0.40852910853673424,0.37120951544769815,0,1.0,0.2533333333333333
28.0,0.549349388397859,0.7690681300952198,0.18699243454242886,0,0.625,0.06666666666666665
25.0,0.4899090376248995,0.9831691209731837,0.3580802763570506,1,0.5,0.9200000000000002
3.0,0.7969199284024013,0.5675652990882001,0.47923943640150063,2,0.625,0.32
19.0,0.425935381061809,0.6494671677818873,0.8002798553722864,0,0.625,0.6266666666666667
4.0,0.429915369437784,0.8739306383370957,0.553316468677244,2,0.125,0.3333333333333333
17.0,0.8771314780171041,0.9667420048012088,0.1186721810573883,2,0.625,0.27999999999999997
29.0,0.5466495907862141,0.4731291147065796,0.36248255513481337,0,0.5,0.4666666666666666
20.0,0.5979376546654224,0.9032697411204795,0.629996130277427,2,0.25,0.6799999999999999
21.0,0.36225323163324646,0.25924543275552103,0.4754156248698306,2,0.25,0.22666666666666668
9.0,0.6097254777244878,0.13799263040876078,0.5681986985880616,1,0.125,0.4799999999999999
7.0,0.5525331699955444,0.9928531453511642,0.5263838266995602,0,0.875,0.06666666666666665
8.0,0.6334273715448432,0.7917993186333726,0.34130305638758446,0,0.125,0.3466666666666666
19.0,0.33784296051016116,0.09597566698843038,0.43749555647115734,2,0.125,0.6399999999999999
11.0,0.751054503679527,0.13123809015017437,0.5396488871489253,2,0.625,0.27999999999999997
24.0,0.4074479142455235,0.22736268268677626,0.3383947784604726,0,0.375,0.06666666666666665
3.0,0.61136392039429,0.6071511143197255,0.5854805475195056,0,0.375,0.52
2.0,0.3148990926703352,0.24619251401934072,0.47923943640150063,0,0.875,0.4666666666666666
14.695057833859096,0.645643129790713,0.8831828798020548,0.5626021706053468,2,0.125,0.8666666666666667
12.0,0.5285469963317839,0.7368505406313097,0.548276551338986,0,0.875,0.6266666666666667
18.0,0.5048241476726545,0.10843773449620447,0.39631690832334926,1,1.0,0.3066666666666666
22.0,0.4492080558031081,0.04346151507375042,0.47923943640150063,2,0.125,0.9066666666666667
24.0,0.4675267750163712,0.9544916800422084,0.3194539659893097,2,1.0,0.18666666666666665
27.0,0.4330372405579732,0.4587621804521159,0.23491844694131794,0,0.5,0.2
28.0,0.5897345710353278,0.3953792501608974,0.5885526983081002,0,0.25,0.72
4.0,0.6018319562444244,0.7196048200264262,0.7263523110617998,2,0.0,0.3466666666666666
13.0,0.49580678329892336,0.7100359112129683,0.5585733246675391,1,1.0,0.52
29.0,0.542976109806879,0.5147558111698732,0.1699635285673383,0,1.0,0.56
13.0,0.6832515463199984,0.6187364514239838,0.4802596127555447,0,1.0,0.9333333333333333
3.0,0.6528385340088684,0.6533569730111803,0.41544844624169847,1,0.125,0.9200000000000002
13.0,0.44472967731116764,0.1170660009281174,0.40666777961809614,2,0.125,0.5333333333333332
4.0,0.40130403366078693,0.510402878552192,0.4488923438690616,1,1.0,0.5333333333333332
14.0,0.6746447195270415,0.5244178013355477,0.5812425096816574,2,0.125,0.5733333333333333
7.0,0.4392682174966628,0.8718826846238763,0.6649425038413441,0,0.125,0.9066666666666667
19.0,0.34169600863042693,0.04499792994426552,0.44112463464453505,0,0.375,0.6799999999999999
11.0,0.542976109806879,0.5895835092019646,0.4132388556401836,1,0.25,0.6666666666666667
21.0,0.542976109806879,0.2642985233428992,0.0,1,0.0,0.013333333333333336
17.0,0.6307537730942229,0.06954750866111974,0.4029602049428045,2,0.25,0.0
28.0,0.42449005981212296,0.7682151712773027,0.7257103323176866,2,0.75,0.17333333333333328
20.0,0.434135267384474,0.7691767408518063,0.5064284801907039,2,0.375,0.9333333333333333
28.0,0.5860232448896724,0.7031615531521888,0.4713758131160062,2,0.125,0.2533333333333333
16.0,0.4633455432515555,0.7732833701043598,0.5228237610625084,2,0.75,0.49333333333333335
7.0,0.35781492164760736,0.6671606973680743,0.31905449802433156,0,0.625,0.52
23.0,0.26468546279335997,0.510402878552192,0.41461364975782794,2,0.25,0.29333333333333333
24.0,0.6772170963734069,0.09720207807809471,0.5812756644709394,2,0.75,0.6533333333333333
3.0,0.5985206148071496,0.845231384547757,0.47923943640150063,0,0.375,0.26666666666666666
20.0,0.6123464900556028,0.9325356134967987,0.6714011650503307,2,0.625,0.17333333333333328
14.695057833859096,0.46336371159856327,0.40399555402299064,0.42785649461497227,2,1.0,0.3466666666666666
14.695057833859096,0.36328759828700297,0.9827525925537067,0.39238141348924954,1,1.0,0.21333333333333332
12.0,0.5654456019764025,0.645474293893665,0.6295497903405866,1,0.125,0.2
11.0,0.3378197933109146,0.039475946044463694,0.5355800860559018,0,1.0,0.21333333333333332
26.0,0.5605257864666766,0.8807816348837407,0.7982746912287649,1,0.375,0.6666666666666667
4.0,0.7019819848699572,0.7317377943118712,0.3566246239370777,1,0.0,0.2
27.0,0.542976109806879,0.11692054493771253,0.3489583608727009,2,0.5,0.05333333333333329
27.0,0.4572252551463982,0.3162283386575354,0.525444949404343,2,0.625,1.0
7.0,0.794824035362729,0.831097989768948,0.41033572323508505,1,0.125,0.3066666666666666
8.0,0.5772187766671417,0.9826234916762235,0.42874365194691155,0,0.75,0.9066666666666667
1.0,0.43471609742282025,0.528077521664847,0.49985743858393994,0,0.5,0.5333333333333332
15.0,0.5157712443457553,0.7879508105679075,0.5109542177015989,0,0.875,1.0
15.0,0.5340339966310094,0.3452142478820051,0.3391015954847991,2,1.0,0.5333333333333332
2.0,0.6206589172157038,0.32934804958220765,0.33007494522880587,0,0.25,0.5733333333333333
3.0,0.7325106029062368,0.15941687385248823,0.33499779207426555,1,0.625,0.37333333333333324
19.0,0.7363885336539563,0.510402878552192,0.6397270689322785,0,0.625,0.6933333333333334
14.695057833859096,0.2767672043407036,0.9441827293936915,0.46017382329661005,2,0.75,0.23999999999999994
14.695057833859096,0.541372878246504,0.31952353691819063,0.7546095417975267,1,0.0,0.8133333333333332
23.0,0.4824462674991032,0.15595238119517493,0.35546852332910966,2,0.5,0.026666666666666644
12.0,0.43084265297742685,0.35164957734823493,0.3892824475955439,0,1.0,0.7066666666666666
14.695057833859096,0.7053252986144337,0.10769897538001003,0.3039158056435572,0,1.0,0.3066666666666666
1.0,0.5762273866673151,0.7137472112708954,0.6235531132908425,1,0.125,0.26666666666666666
22.0,0.7817516255843051,0.45288222992113725,0.2987584449821847,2,0.875,0.8666666666666667
28.0,0.542976109806879,0.13999678825496323,0.4005984638813361,0,0.75,0.9333333333333333
4.0,0.5444340893728247,0.6940531958372325,0.49616787219837344,0,1.0,0.17333333333333328
21.0,0.5087378053364958,0.22083500364685382,0.3258973999644758,0,0.0,0.72
6.0,0.37018239940813147,0.9962599350187482,0.622684845477361,0,0.5,0.7466666666666666
5.0,0.5070163368740714,0.43153236902139513,0.42081024530331085,0,0.875,0.6799999999999999
15.0,0.44663778808134535,0.659911193416286,0.36176646367146686,2,0.875,0.5866666666666667
11.0,0.42463387135380765,0.7372519175170107,0.4726749358609688,0,0.75,0.9733333333333334
15.0,0.5728257953042899,0.781612113224015,0.5336480663722885,0,0.25,0.3466666666666666
12.0,0.4623812300343828,0.7573766578757343,0.7152400014765328,0,0.125,0.10666666666666663
10.0,0.5114986883353686,0.5691606466238327,0.3504049928987164,2,0.375,0.72
26.0,0.542976109806879,0.018930461484343117,0.48687252830938643,0,0.875,0.10666666666666663
16.0,0.6193304193426853,0.1153731110107199,0.5276725489964937,2,0.375,0.5733333333333333
6.0,0.304816523432743,0.0686873430341026,0.3590136236254856,2,0.375,0.6399999999999999
20.0,0.5166890356425836,0.510402878552192,0.666464893148387,0,0.0,0.5333333333333332
12.0,0.5751787934089452,0.7549118012228833,0.6416076148312426,2,0.875,0.38666666666666666
9.0,0.7040083708294598,0.5578527889844372,0.5511896741855179,2,0.375,0.39999999999999997
21.0,0.5785429657713705,0.25402374997567445,0.5374346815120882,0,0.125,0.5466666666666666
28.0,0.657557848997411,0.9672221700217501,0.8077965608923419,1,0.25,0.56
7.0,0.6586256700784587,0.9650906210169131,0.5689303661713339,1,0.25,0.49142272262026604
27.0,0.6045994306688404,0.5171614666477317,0.442812530459425,2,0.5,0.52
5.0,0.5593609070276561,0.09040643164293703,0.6389506371742364,2,0.75,0.96
26.0,0.7947945494843331,0.8305428115134231,0.44645765917480945,0,0.625,0.7066666666666666
